publishedAt,authorDisplayName,textDisplay,likeCount
2023-05-08T06:52:20Z,Mentari Di upuk timur,Survei bohongan untuk menarik simpati rakyat.,0
2023-05-08T06:34:13Z,Eby Saputra,Pertanyaan nya ini lembaga survei lewat mana mereka mengsurvei kita rakyat biasa di sini aja belum pernah tuh di tanya satu persatu apa pilih pilpres anda kok bisa tau taunya unggul ğŸ˜…ğŸ˜…ğŸ˜‚ğŸ˜‚ğŸ˜‚ğŸ˜‚ğŸ˜‚ğŸ˜‚ğŸ˜‚ğŸ˜‚ğŸ˜‚,0
2023-05-08T05:47:31Z,Nasrul Nr,"Saya orang Sulsel, mayoritas di sni mendukung Anies tpi saya tetap mendukung Ganjar,, walaupun sebelumnya saya kadeer Nasdem",0
2023-05-08T05:46:45Z,Min Chyun,Jangan lupa Bismillahâ¤,0
2023-05-08T04:42:03Z,Yoga Reynanda,Prabowo pemimpin terbaik dan sangat cocok jadi presiden RI ya lain masih amatir,1
2023-05-08T04:30:56Z,Ausie 74,Survey electabilitas Anak-anak ğŸ˜€ğŸ¤£ğŸ˜€,0
2023-05-08T04:14:48Z,Riyanarto Salim,"Saya mendukung Pa Prabowo Jadi Presiden dan Pa Anies Jadi Wakil Presiden.Saya mohon baik Pa Prabowo dan Pa Anies berjanji pada rakyat bawa tidak akan menghidupkan baik FPI maupun HTI. Saya mohon pa Anies mendaftar jadi Kader PKS jadi tidak independen untuk kemudian Pa Anies jadi Presiden PKS. Saya mohon kepada Pa Prabowo dan Pa Anies perintahkan kepada kami para Pendukungnya untuk tidak adu domba dan menjelek jelekkan pa Ganjar, ibu Mega,PDIP. Tetapi seperti Pa Ganjar dan Pendukungnya yang tetap rendah hati dan sopan dan santun.Suwunâ¤ï¸â¤ï¸â¤ï¸ğŸ™ğŸ™",0
2023-05-08T01:47:28Z,Hola75,Tak ada yang menarik,0
2023-05-08T01:05:04Z,Abe_89,Bismillah ganjar,0
2023-05-08T00:39:01Z,Uchox Nasution,Prabowo bagus tapi sudah kurang produktif karena faktor usia. Ganjar bagus dan produktif...,0
2023-05-08T00:35:56Z,Uchox Nasution,Alhamdulillah...,0
2023-05-07T23:29:09Z,Erik,Klu sy lebih yakin dg Pak Anis,0
2023-05-07T23:17:52Z,Mella 124,"Rakyat GK butuh survey,,",0
2023-05-07T23:17:25Z,Mella 124,"Klo GK jadi ngamuk,atau berkata curang,karena survey tinggi,jgn salahin rakyat,salahin yg survey loh",0
2023-05-07T23:01:26Z,Menclank Geming,CUMA PAK ANIES YG LAYAK JD PRESIDEN RI 2024....SMART N GAK  PLONGA PLONGOğŸ‘ğŸ‘ğŸ‘,0
2023-05-07T22:29:46Z,N Meci,Jadi ingat pilgub dki. Hasil survey anies ditempatkan di urutan buncit tapi akhirnya jadi pemenangğŸ˜‚ğŸ˜‚,0
2023-05-07T18:28:33Z,Verolista Safitri,Ganjar yes..,0
2023-05-07T17:32:56Z,Ahmad Hasibuan,SurveyğŸ˜‚ğŸ˜‚ğŸ˜‚,0
2023-05-07T17:18:31Z,Azrul Azis,Survey independe diindonesia timur untuk anis<br>Sullawesi selatan 87%<br>Suawesi tenggara 75%<br>Sulawesi tengah 66%<br>Sulawesi barat 80%<br>Sulawesi utara 35%<br>Maluku tengah 45%<br>Maluku utara 70%<br>Maluku tenggara 40%<br>Papua  35%<br>Papua barat 57%,1
2023-05-08T00:02:20Z,Ady Bdg,Iya udah iya ğŸ˜­ğŸ˜­ğŸ˜­ğŸ˜­,0
2023-05-07T16:57:08Z,MatiusTony Samara,Ganjar RI 1 yes,0
2023-05-07T16:53:17Z,kata bijak99,Prediksi angin saya tetap prabowo,0
2023-05-07T16:52:06Z,kata bijak99,Prabowo presidentâ¤,0
2023-05-07T16:51:20Z,angga putra,Semoga pak ganjar jadi presiden dunia maya.AMINNN,0
2023-05-07T15:39:11Z,Mutiara Islam Official,Presiden palestina,0
2023-05-07T15:31:59Z,Hari Yunal,Bolehlah fanatik..tp ga gitu2 amatlah..buka mata.pasang telinga..udh jelas2 gak ad kemajuan eeeee malah didukung jg.jangan salahkan pemerintah nantik kalau negri ini tambah ancurrr,0
2023-05-07T15:28:14Z,Hari Yunal,Saya pilih p.Anis baswedan,0
2023-05-07T15:24:57Z,Mustaqien Mustaqien,"Warga wadas di tindas kenapa elektabilitas ganjar yg di atas...  <br>Bos sayuran saja ketika di pasar pasti mencari untung, apalagi bos lembaga survei..  <br>Alhmdllah rakyat sudah semakin cerdas",0
2023-05-07T14:34:00Z,Aji Purnomo Ashter,Ganjar akan Tumbang di lap ke 2,0
2023-05-07T14:33:41Z,Mburi Omah Studio,Emang ngaco survey&quot; ky gini,0
2023-05-07T14:32:14Z,Siswanto Susilo,Yang penting bukan anis..,0
2023-05-07T14:18:30Z,Totok Malaon,Survei bayaran yang punya uang banyak pasti di UNGGULAKAN.,0
2023-05-07T13:54:38Z,Dwiky Darmawan,Ganjar pranowo Andika perkasa,0
2023-05-07T13:54:14Z,Dwiky Darmawan,Ganjar pranowo Andika perkasa,0
2023-05-07T13:53:47Z,Dwiky Darmawan,Ganjar pranowo Andika perkasa.,0
2023-05-07T13:47:27Z,Dwiky Darmawan,Semoga pak Andika perkasa dicalonkan jadi wakil Pak Ganjar pranowo.!,0
2023-05-07T13:44:16Z,nataliuss,Top Ganjar Pranowo. Asli pribumi,0
2023-05-07T13:31:34Z,Adhi Suwedi,Sufay gj netral,0
2023-05-07T13:08:03Z,Hafiz Bungo,Asal jgn anis yg masuk ke putaran ke 2..,0
2023-05-07T12:35:30Z,Amanda Chanel,Porno akan larisğŸ˜‚ğŸ˜‚,0
2023-05-07T12:56:36Z,Garong Anggaran,Ente kandrun ğŸ˜ğŸ˜ğŸ˜,0
2023-05-07T12:31:52Z,Susatio,Pilihan saya<br>Presidennya Mahfud MD<br>Wapresnya Gibran raka bumi,0
2023-05-07T12:31:46Z,Rifky Prayoga,Prabowo mahfud,0
2023-05-07T12:18:18Z,Erwin Zulkarnain,Waw survey nya dimana itu?ğŸ˜‚,0
2023-05-07T12:13:27Z,Solder Bengkong,Apa pun presiden nya kita tetap makan nasi.. Memilihlah krn kerja nya bukan karna janji2 nya.. Karna Semua Kandidat fanatik dan tidak melambangkan bineka tunggal ika jadi saya tidak memilih semua..,0
2023-05-07T12:08:45Z,Batam Botania,Ganjar  2024,0
2023-05-07T11:44:04Z,Sulastri Sulastri,"Ya memang paling cocok pak ganjar gesit, lincah mirip pak jokowi",0
2023-05-07T11:36:27Z,Ngatemi Aja,Antaaap p ganjar,0
2023-05-07T11:36:20Z,Tanda Tambunan,Masuk akal,0
2023-05-07T11:35:20Z,pain akatsuki,"Sebaiknya prabowo dan anis tidak usah capek capek buang buang duit waktu dan tenaga ikut capres, percuma karena pemilu mendatang akan seperti pemilu yg lalu, kecurangan terjadi dmn mana, terutama di daerah terpencil, PDIP, Megawati dan polis sebagai loyalis dan tunduk sepenuhnya kpd perintah mega akam berusaha dgn cara apapun untuk menang. Yg pasti polis tidak mau klu prabowo jadi presiden itu jelas",0
2023-05-07T11:17:15Z,Baby Iog,Prabowo sih.percya banget sama beliau,0
2023-05-07T10:25:56Z,Tele Mbeseng,NTT merasakan pembangunan Pak Jokowi...auto pilih Ganjar utk meneruskannya,0
2023-05-07T10:13:52Z,Sean martinez,"Makjoss Ganjar ,pribumi asli â¤ï¸",0
2023-05-07T10:02:18Z,75 tahun,"2024 milik Prabowo. Pilihan paling aman dengan resiko paling minim. Anies cuma jadi bahan uji coba Nasdem. Tujuan utamanya mengerek perolehan suara partai. Ganjar, sudahlah. PDIP terlalu offside karena ulah ugal-ugalan Jokowi. Bakal jatuh perolehan suara Ganjar.",0
2023-05-07T09:54:15Z,Vivo Y21,"hrus berani mengambil kebijakan baru dan nuansa yg tdk melupakan  kebijakan pak jokowi, saya lebih percaya dgn pak prabowo sbg presiden selanjutnya..",0
2023-05-07T09:52:31Z,Koi Iwak,"Prabowo saatnya diberi kesempatan  memimpin negeri ini,, prabowo orang jujur dan iklas",0
2023-05-07T09:51:02Z,Anjing Pisan,Ketiga tapi selalu di takuti oleh gerombolan oligarki,0
2023-05-07T09:46:03Z,MadSu,Cukup Timnas dan Sungai saja yang di Naturalisasi kl Presiden tetap yg bukan Naturalisasi,0
2023-05-07T09:35:09Z,Aji Pangestu,Pa Prabowo Subianto jgn egois jadi wapres Ganjar saja kalou benar tujuanya ingin memakmurkan rakyat Indonesia dan Indonesia maju,0
2023-05-07T09:26:23Z,Tele Mbeseng,NTT dukung penuh Pak Ganjar,0
2023-05-07T09:21:43Z,Yanteio Channel,Faktanya pak prabowo bkalan the next president,0
2023-05-07T08:58:02Z,Yus Yus,Hidup probowo,0
2023-05-07T08:47:28Z,Eza Rahmat,"Ada yang lebih baik dari anis &amp; prabowo,  Ganjar terbukti 2x terpilih menjadi gubernur jawa tengah tanpa politik identitas dan tanpa kampanye hoax dan udh berhasil mengungguli elaktibilitas puan yang didukung elit partai bahkan untuk jateng dan jatim udah mengalahkan elaktibilitas prabowo puan anis dan airlangga dan nantinya akan menundukkan anis &amp; prabowo di pilpres karena Ganjar memang cerdas dan mampu menjadi pemimpin nasional bismillahhirohman Ganjar menjadi presiden RI 2024amin ya robbal alamin",0
2023-05-07T08:26:57Z,Wawan Karnawan,"Belum tahu pak Anis ya,lihat nanti,waktunya gak bakala ada photo sy di situ.",0
2023-05-07T07:49:18Z,Agus Mulyadi,Mlih  ganjar biar melanjutkan  pembangunan  jokowi  lanjutkan,0
2023-05-07T07:47:42Z,sugi indriyono,Insyaallah Alloh PDI Perjuangan.menang untuk calon Presiden Ganjar Pranowo,0
2023-05-07T07:36:01Z,muhammad fathoni,Pendukung Ganjar = cebong<br>Pendukung anies.  = Kadrun<br>Kira kira nama buat pendukung Prabowo apa ya ???,0
2023-05-07T07:26:52Z,Besama Zalukhu,Pak. Ganjar ğŸ‘,0
2023-05-07T07:12:56Z,dadang rifaldi,"survei opo toh, memangnya kalian percoyo survei",0
2023-05-07T05:29:38Z,Uti Mq,InsyaAllah ganjar amanah melanjutkan perjuangan pak jokowi,0
2023-05-07T05:20:57Z,Andi Amiruddin,Sekali Anies tetap Anies survey abal2,0
2023-05-07T05:19:39Z,Bapak supri Oke,Survai pesanan oligargi (bayaran),0
2023-05-07T04:57:38Z,Rivai J S Hutagalung,Bagusnya duet kan aja prabowo ganjar..,0
2023-05-07T04:56:17Z,Gunawan Sulistiantara,Saya sarankan ganjar berpasangan dgn ade armando saya jamin deh 95% menang mutlak ğŸ¤£ğŸ¤£ğŸ¤£ğŸ‘ğŸ‘,0
2023-05-07T04:55:00Z,Gunawan Sulistiantara,ğŸ¤£ğŸ¤£ğŸ¤£ğŸ¤£ğŸ¤£ğŸ¤£ğŸ¤£ğŸ¤£ğŸ¤£ğŸ¤£ğŸ¤£ğŸ¤£ğŸ¤£ğŸ¤£ğŸ¤£ğŸ¤£ğŸ¤£ğŸ¤£ğŸ¤£ğŸ¤£ğŸ¤£ğŸ¤£ğŸ¤£ğŸ¤£<br>Lembaga survei hajingan kok dipercaya,0
2023-05-07T04:45:57Z,santa ahmed,Ganjar â¤â¤ğŸ‡®ğŸ‡©ğŸ‡®ğŸ‡©ğŸ‘,0
2023-05-07T04:38:12Z,Boy Boy,<b>GANJAR PRANOWO PRESIDEN KE 8 NKRI</b> ;^,1
2023-05-07T04:21:13Z,al Kausar,Relawan pak jokowi harus kompak kita menangkan ganjar pranowo pilpres 2024. Kinerja pak jokowi harus diteruskan.,1
2023-05-07T04:04:55Z,å§Šå§Š,Ganjar Pranowo gaspol,0
2023-05-07T03:59:26Z,merdeka hero,Survey di jawa tengah.,0
2023-05-07T03:47:19Z,Ade Hidayat,Survey abal2,0
2023-05-07T03:43:46Z,Iskandar Muda,GASSS terusss PK ganjar,0
2023-05-07T03:27:44Z,Djulianto Rochadi,Pilpres Tahap-I: Ganjar &amp; Prabowo lolos putaran pertama. Lanjut Pilpres Tahap-II: Prabowo unggul karena pemilih Anis mayoritas akan pilih Prabowo.,0
2023-05-07T12:38:21Z,Rdn Nids,Dulu pemilih Prabowo blm terpecah aja buktinya kalah.,0
2023-05-07T03:20:51Z,anjrit Lah,"Sumpah saya ga percaya survey 100 persen,,semua yg ada di yotub,,bisa femanipulasi,,co,,rkya sudah pada pintar sekarang,,percuma di acrakn di tipi klw saya asli ga percaya surfey",0
2023-05-07T03:18:52Z,Rio Rio,Wkwkwk masih percaya entee sama survei surveii?? Hahahhaha,0
2023-05-07T02:57:29Z,Muklas kartono,Sebaiknya Ganjar Prabowo gabung klo Prabowo kekeh RI 1 perkiraan saya Prabowo kalah lagi,0
2023-05-07T02:57:09Z,Siswanto,GANJAR â¤,0
2023-05-07T02:55:55Z,Eliandi Tjung,GANJAR PRANOWO RI 1ğŸ‘ğŸ‘ğŸ‘ğŸ‘,0
2023-05-07T02:55:37Z,ngaji ndeso,Tapi ganjar nesti kalam lawan anis.dalam final karena akan di kerubut.,0
2023-05-07T02:43:10Z,Edi Sutoko,Ganjar bossss,0
2023-05-07T02:27:13Z,satrio paningit ragiel gowor. Am,bismillah pak ganjar penerus pak jokowi amin pengalaman memimpin jujur kerja nyata fakta bukan kata kata,0
2023-05-07T02:19:42Z,ASAL NGOMONG,"DUKUNG GANJAR ğŸ‘ğŸ½ğŸ‘ğŸ½ğŸ‘ğŸ½<br>MASA KITA MAU DUKUNG ANIES ??? Juga PRABOWO <br><br>MAU TAHU TTG ANIES ??<br>LIHAT SAJA SPT APA YG DIKERJAKANÂ  GUBERNUR LAMPUNG SAMA2Â  JD GUBERNURÂ  TAPI KERJAAN NYA TIDUR2 SAJAÂ  DIATAS DANA APBDÂ  YG DI KUASAI ...<br>HANYA BEDANYA DANA APBD YG ANIES KUASAI ITU LBH GEDE DR DANA GUB LAMPUNG ...<br>UENAK TENAN JD ANIES : DANA 86 TRILIUN/ THNÂ  X 5 THN..HANYA BUAT PATUNG2 / TUGU2 SEPATU , TUGU PETI MATI , REVISI TROTOARÂ  DI SUDIRMAN DAN SKITARNYA , REVISI JEMBATAN DI DAERAH SUDIRMAN DAN SKITARNYAÂ  , BUAT JIS YA HANYA 1 TRILIUN SAJA , FORMULA E YG TDK MENGUNTUNG KANÂ  ,Â  DP O% YG TDK UTK RAKYAT MISKIN ( mana ada rakyat miskin punya gaji 14 juta/ bln , syarat bs beli rusunawa ?? )Â  Â  , NATURALISASI TDK DI KERJAKANÂ  alias : 0% , PENDAPATAN 15% SEHARUS NYA DI TERIMA DKIÂ  UTK PENJUALAN REKLAMASI DI HILANGKAN SUMBER DANA TSB , GANTI NAMA JLN N RUMAH SAKIT....ITU SAJA YG DI KERJAKAN, SOAL BANJIR N MACET...NGUMPET DIA<br><br>SDNG KAN MILIH PRABOWO : <br>KATA AHMAD RIZA PATRIA YG MEWAKILI GERINDRAÂ  BERUCAP : <br>RAKYAT INDONESIA HRS DIPIMPIN OLEH MILITER +Â  BERHUBUNG SKRG NEGARA2 ASING SDH SALING BERPERANG , MAKA MRK MEMPERSIAP KAN NKRI UNTUK IKUT SERTAÂ  BER PERANG JUGA.<br>NAH TERNYATA GERINDRA TDK PUNYA NIAT N AKAL CERDAS JADI PEMIMPIN YG MAMPU IKUT SERTAÂ  MENDAMAIKAN DUNIA...NGERI BUKAN RAKYAT DI KUASAI MILITER + RAKYAT INDONESIA DI KORBANKAN UTK MENGHADAPI PERANG DUNIA KE 3;.<br>GERINDRA SENDIRIÂ  SALAH MENGERTI TTG TUGAS2 SUCIÂ  MILITERÂ  SEBETULNYA UTK MENGAMAN KAN RAKYAT N NEGARA N TURUT SERTA MENDAMAIKAN DUNIA, WAH MASA DEPAN NEGARA INI SUASANA NYA AKANÂ  TERCEKAMÂ  N DI TAKUT2 I TERUS KLO BEGITU<br>Dan MASA LALU PRABOWO ADALAH TURUT MENGHILANG KAN PARA AKTIVIS 98 YG SAMPAI SKRG TDK TAHU KEBERADAAN KUBURAN MRK....itulah REKAM JEJAK MASA LALU PRABOWO....<br>MAU INDONESIA KAYA MYAMAR ????<br><br>DAN dariÂ  kelompok Anies n PrabowoÂ  TERNYATAÂ  KELOMPOK INI ADALAH KELOMPOK GOLKAR yg di pecah dgn Nama2 Partai Nasdem , Partai Gerindra , Partai Demokrat dll....<br>JD SBETULNYA YG BERTARUNG INI ADALAH : <br>PDI P YG NASIONALIS , YG INGIN NKRI INI MAJU N MAKMUR VS GOLKARÂ  YG REKAM JEJAK NYA HANYA CINTA TAHTA NÂ  HARTA NKRI.",0
2023-05-07T01:54:12Z,Biyono,"RAKYAT NGGAK BUTUH SRVEY,RAKYAT HANYA PAK ANIS LAINNYA NGGAK SUNIK",0
2023-05-07T01:17:16Z,Nunung Roniah,Presiden 1gk ad noda korupsi korupsinya banyak gimana jdi presiden .presiden itu yg berpendidikan tinggi .dri muda dh cerdas dh berpretasi.di kenal sama dunia berbahasa inggris oke .GK planga plongo.sesama beragama saling menghormati .jdi gubenur rakytnya sejahtera pembangunannya maju.tu Mash ad awal korupsi yaaa,0
2023-05-07T01:15:37Z,Udin Lumban Raja,Ganjar P,0
2023-05-07T01:13:00Z,Antoso Djoko,Si rambut putih selalu diatas sambil leyej leyeh nonton film bokep (penderita sosiopath),0
2023-05-07T01:11:00Z,ayufri,kok bisa dia yg teratas,0
2023-05-07T00:56:58Z,Hadi Salim,"Great news, yg penting asal bukan yaman ayat mayat.",0
2023-05-06T22:16:24Z,A,Bisa 85% jika Pak Ganjar bersanding dengan Deni Siregar atau Ade armando sbg Cawapresnya.ğŸ‘ğŸ‘ğŸ‘ğŸ‡®ğŸ‡©ğŸ‡®ğŸ‡©ğŸ‡®ğŸ‡©,1
2023-05-07T15:25:49Z,Mustaqien Mustaqien,Amin,0
2023-05-07T12:31:49Z,Rdn Nids,Bisa 89% bila Pak Anies bersanding dengan Sugik nur sbg cawapresnya ğŸ˜ƒğŸ˜ƒğŸ˜ƒ,1
2023-05-06T21:01:33Z,Su Marman,Bohong terus dasar kena Azab dosa besar,0
2023-05-06T20:59:15Z,Garam dapur,Tidak menjamin hasil survey akan menentukan hasil akhir,0
2023-05-06T19:09:12Z,Kucang Lada,Cuan cuan lembaga survey,0
2023-05-06T17:33:03Z,Infomase,Survey merusak tatanan demokrasi,0
2023-05-06T17:23:42Z,Nagan Channel,POLITIK,0
2023-05-06T16:29:28Z,Wahyu O'connor Motovlog,GAS POLL ( GANJAR ALWAYS POKOKNYA LUR ) ğŸ˜ğŸ˜ğŸ˜ğŸ˜,0
2023-05-06T16:01:10Z,Wahyu Bima,Survey ame pooling ki podo rak? Kok kebalikannya hslnya,0
2023-05-06T15:58:19Z,Awaludin paty Awal,Pak Ganjar adalah kita ğŸ‘ğŸ‘,0
2023-05-06T15:57:06Z,Hendra Chandra,Survei mah permainan lembaga aja siapa yg paling kuat bayar mereka untuk jualan atau endorse.. media jg sama siapa yg kuat uangnya itu yg di viralkan terus ğŸ˜‚ğŸ˜‚<br>Kami sudah tidak mau tertipu lagi mau survei apapun itu,0
2023-05-06T15:45:03Z,septi ana,Mugo&quot;pak ganjar dadi presiden 2024 amin ya robbal alamin,0
2023-05-06T14:45:08Z,Pakde War,Pak Ganjar Pranowo memperoleh suara 63% lebih,1
2023-05-06T14:43:34Z,Pakde War,WASPADALAH  jurus ayat mayat akan tampil kembali. Jangan sampai kenak tipu muslihat dengan berbagai cara dusta,1
2023-05-06T14:38:31Z,Ridwan Sbg,Gimana Ganjar ndak teratas terus... <br>Kami para pecinta Bokep ya dukung Ganjar krn satu hoby... <br>Bokep semakin terdepan... ğŸ˜…ğŸ˜…ğŸ˜…ğŸ˜…ğŸ˜…ğŸ˜…,0
2023-05-06T14:29:27Z,Monyeng Icha,Pendukung wan abud ketar ketir,0
2023-05-06T14:15:31Z,Nurmala Nur,Tenggelamkan calon rezim ini Sngt berbahaya bgi banggsa n negara.calon rezim pemecah belah vmmt,0
2023-05-06T14:09:40Z,AdiMulkanny,Media jangan di percaya kata prabowo,0
2023-05-06T13:56:29Z,airlangga jaya wardana,Anies ya...,0
2023-05-06T13:55:55Z,airlangga jaya wardana,Anies... Yg terbaik untuk jdi presiden R1,0
2023-05-06T13:55:22Z,airlangga jaya wardana,Anies yg santun,0
2023-05-06T13:55:12Z,airlangga jaya wardana,Anies yg pintar,0
2023-05-06T13:55:00Z,airlangga jaya wardana,Anies yg bersih,0
2023-05-06T13:54:48Z,airlangga jaya wardana,Anies oke,0
2023-05-06T13:54:39Z,airlangga jaya wardana,Anies yess,0
2023-05-06T13:51:40Z,Jejen Jaenudin,"Pilpres dua putaran, pemenangnya prsbowo, pemilih anis di putaran pertama akan memilih prabowo",0
2023-05-06T13:47:39Z,adrian channel,Anies yes,0
2023-05-06T13:19:45Z,Rustam Vivi,Survey abal2 ini,0
2023-05-06T13:06:24Z,@Ilmy71,"Lembaga survey, mana yg VALID, di poling survey TVONE, capres ANIS UNGGUL,...TERUSS",0
2023-05-06T12:54:46Z,jejak tikus,Ini yang ditayangkan selalu survey 3 pasang calon. Yg head to head ditampilkan belakanganğŸ˜‚ğŸ˜‚,0
2023-05-06T12:44:42Z,Heri Alfaridzi,Palsu,0
2023-05-06T12:44:38Z,Gulo Sona,"Yang penting bukan Anus, eh anis..ğŸ¤ªğŸ¤ª",0
2023-05-06T12:41:11Z,Zulkarnain Kaur,Semoga PDIP dan partai koalisinya serta Pak Jokowi semakin inten utk mengampanyekan Ganjar sbg capres !,0
2023-05-06T12:39:49Z,Sofyan Wijaya,Survei Survei Bullshit,0
2023-05-06T12:35:13Z,Amirudin Saleh,Saya yakin pak prabowo presiden di 2024.amin,0
2023-05-06T12:33:44Z,Ahmad Faizin,"Lembaga survei ini semua gentayangan, seolah olah yg di survei itu benar..!",0
2023-05-06T12:31:58Z,Dudi Darmayon,Survei  abal abal... Haram,0
2023-05-06T12:30:43Z,Dudi Darmayon,Nyatanya  Ganjar  nyungsep,0
2023-05-06T12:30:39Z,Fudin Nisa,"Tidak percaya,",0
2023-05-06T12:30:27Z,Nday 17,ğŸ˜‚ğŸ˜‚ğŸ˜‚ğŸ˜‚,0
2023-05-06T12:22:28Z,Muhamad Ayra,"Ya elah rakyat udah pinter bro mana emas, mana perak",0
2023-05-06T12:19:59Z,Muhamad Ayra,Preeetttttt,0
2023-05-06T12:19:18Z,Muhamad Ayra,"KOMPAS TV, BTV GITU LOH. CUMA NANYA SIAPA YG DISURVEY",0
2023-05-06T12:12:18Z,Nur Wati,Abal-abal ğŸ˜…ğŸ˜…ğŸ˜…ğŸ˜…ğŸ˜…,0
2023-05-06T11:58:31Z,Ardi Aja,Ogah milih calon yg suka nonton barang haranm,1
2023-05-06T11:57:39Z,Ardi Aja,"Kenapa ya ganjar suka nonton bokef,  padahal dlm islam haram",1
2023-05-06T11:55:23Z,Mamad,Coba kalau kalian berani langsung polling terbuka.. ğŸ˜…,0
2023-05-06T11:52:22Z,heden jaya,"Pak ganjar sy dukung di pasangkan sama pak ahok,pasti gol mimpin indonesiaâ¤",0
2023-05-07T13:53:00Z,Dwiky Darmawan,Ganjar pranowo Andika Perkasa,0
2023-05-06T11:47:31Z,Riad Sidik,Pikada dki terulang lagi survei survei bermunculan keyataan pakta sama realita jauh tau tau yg buncit yg bisa menang,0
2023-05-06T11:45:49Z,Iwan Apriliyanto,KETURUNAN YAMAN BERBAHAYA UNTUK NKRI...,1
2023-05-06T11:44:12Z,Okezone RO,Yang cerdas pasti dukung pak ganjar,1
2023-05-06T11:43:56Z,Riza Aspahani,Hari gini masih ada yg percaya Lembaga Survey ğŸ˜…ğŸ˜…ğŸ˜…ğŸ˜…ğŸ˜…<br><br>Lucuuuuu....ğŸ˜…ğŸ˜…ğŸ˜…ğŸ˜…,0
2023-05-06T11:39:38Z,saran pribadi,Lebih baik percaya sama tukang sulap dari pada tukang survei,0
2023-05-06T11:37:59Z,sunnyxx_cutie,Semoga terus meroket pak Ganjar,0
2023-05-06T11:31:49Z,Next Time Bro,Cuma Di Indonesia Presiden Menang Sebelum Di CoblosğŸ˜‚,0
2023-05-06T11:29:09Z,Dafa Dafa,Surve apa an ini rakyat yg milih bukan partai hidup Prabowo,0
2023-05-06T11:24:45Z,ashary ghina,Ganjar pranowo gaspol,0
2023-05-06T11:20:36Z,fajar gunawan,Prabowo Presiden ğŸ‡®ğŸ‡©,0
2023-05-06T11:08:37Z,Bowo Rumekso,Survey versi tim sukses ğŸ˜‚ğŸ˜‚,0
2023-05-06T11:04:08Z,basori adi,"Pola Pilkada DKI sedang berjalan reborn. Semoga Allah swt melindungi beliau dari kejahatan tangan2 kotor bayaran, hamba2 iblis yang anti kebenaran.",0
2023-05-06T10:58:23Z,alam ghoib,Ganjar mantap,0
2023-05-06T10:56:22Z,Muhammad Reza afandy,prabowo maju terus. insyaallah kami sekeluarga akan mendukung,0
2023-05-06T10:48:08Z,hadir slalu,Sukses slalu pak Ganjar Pranowo ğŸ‘,1
2023-05-06T10:32:15Z,Olhex Odhex,Anies tetap di hati,0
2023-05-06T10:24:32Z,Sofyrizal 007,"Survey sekarang masyarakat udah tak open lagi karena bisa dibeli, he, he, wsdlm",0
2023-05-06T10:20:52Z,Syahwan Rama,Ko Anis gak maik2 sih <br>Kan sudah pke tenaga Surya,0
2023-05-06T10:17:06Z,Hermawan Salim,"UMAT KRISTEN AKAN MEMILIH CAPRES YG MAU MENCABUT SKB 3 MENTERI.<br>DENGAN SYARAT HITAM DI ATAS PUTIH, DI SAKSIKAN OLEH PARA PENDETA INDONESIA.<br>SELURUH SUARA UMAT KRISTEN 30% DARI JUMLAH PENDUDUK INDONESIA.<br>CUKUP BANYAK, CAPRES YG BERMINAT SILAKAN MERAPAT KE PSI.",1
2023-05-06T10:14:14Z,Herjianto Media,Cuma bisnis politik doang kalau masih ada threshold 20 persen,0
2023-05-06T10:09:38Z,Sri ningsih Sei ayu,Semngat pokonya BPK Ganjar Pranowo RI 1 lajutkn kerja BPK persiden Jokowi,1
2023-05-06T09:55:01Z,alghazjatta radeya,"Silahkan bebas tinggiin survey sendiri, aq sih ga percaya survey",0
2023-05-06T09:26:47Z,Nafeeza Nafeeza,Pak anies baswedan mantap,0
2023-05-06T09:17:27Z,smantv,"Lembaga survey misal data yang masuk 100 untuk calon A, tpi yg diinputkan 10 misalnya, indikatornya apa ya? Kan hanya independensi dan moralitas saja yg bisa mencegah. Siapa yg bisa mencegah kejadian itu!?",1
2023-05-06T09:15:51Z,eko yuwono,GANJAR TETEAP TERDEPAN...YANG LAIN KETINGGALAN...!!!,1
2023-05-06T09:13:59Z,Cipto Parmono,"HANYA. BP.PRABOWO SUBIANTO, YANG SIAP MENGAYOMI RAKYAT. DEMI KEMAKMURAN. PRESIDEN RI .TH.2024.",0
2023-05-06T09:11:50Z,One Heart,"1 putaran aj,,, kebanyakan biaya kalo 2putaranğŸ˜‚ğŸ˜‚ğŸ˜‚",0
2023-05-06T08:48:36Z,rudi hartono,"Ganjar gasssssss ,presiden 2024",0
2023-05-06T08:46:30Z,Stay Weird,Pak ganjar,0
2023-05-06T08:28:37Z,Jansrul Djaja,100% Ganjar pasti menang 2024 ğŸ‰ğŸ‰ğŸ‰ğŸ‡®ğŸ‡©ğŸ‡®ğŸ‡©ğŸ‡®ğŸ‡©ğŸ‘ğŸ‘ğŸ‘ğŸ™ğŸ»ğŸ™ğŸ»ğŸ™ğŸ»,0
2023-05-06T08:25:19Z,Omega Dua,Pak ganjar pranowo.,1
2023-05-06T08:12:28Z,MR EDAN,"GANJAR LANJUTKAN ,",1
2023-05-06T08:08:18Z,Angga Setyo,Wkwkw,0
2023-05-06T08:01:52Z,Aji Suci,Sayang Btv..siaranya  ga tertangkap didaerah Banyumas Raya.,0
2023-05-06T07:13:14Z,eko wijay,"Lha wong survei pesanan....propaganda utk mempengaruhi dan menggoda pikiran orang agar milih ganjar....padahal ganjar faktanya mengumbar bahwa dirinya penggemar pornografi nonton film bokep dan merasa tdk bersalah, hal itu dia sampaikan di depan publik...bisajadi ganjar ada gangguan moral",0
2023-05-06T07:02:40Z,Aris Wahyu,Ganjar semakin dihati,2
2023-05-06T06:49:26Z,Joice Lennon,Prabowo is my Voting 2024,0
2023-05-06T06:38:39Z,Masjun Kendal,â¤â¤â¤â¤GANJAR.... &amp; PRABOWO.. ğŸ‘ğŸ‘ğŸ‘ğŸ‘ğŸ‘...... BAMBU MESUM 500 juta.... Setahun di BONGKAR.... ohhh tidak..... Cukup JAKARTA Korbannya.. ğŸ˜®ğŸ˜®ğŸ˜®,0
2023-05-06T06:36:47Z,Besi Tua,Klu Ganjar ingin menang harus ada selisih 10% lebih tinggi dari pada Prabowo.. klu kurang dari 10% kemungkinan Ganjar akan kalah dengan Prabowo d putaran ke 2.<br>Nama y juga prediksi ğŸ˜…,5
2023-05-08T05:03:23Z,bray,â€‹@bakayaro_16mending pilih puan jadi cawapresnya suara mic aja dimatikan orang lagi demo di aja malah ngrayain party didalam ruangan oia ganjar itu dari partai mana ya,0
2023-05-07T15:34:26Z,bakayaro_16,Si wowo akan kalah di putaran kedua krna kadrun merapat ke wowo<br>Siapapun yg di dukung kadrun akan nyungsep<br>Dan projo akan kembali lagi ke ganjar,1
2023-05-06T10:56:43Z,Gelsy and genia,"Lah iyo klo putaran kedua suara anis gha akan ke ganjar,. ğŸ˜…",0
2023-05-06T06:28:55Z,Karsiono 005,"Pak Ganjar pas banget ,jadi RI ,1,ğŸ’ŸğŸ‡®ğŸ‡©ğŸ’ªğŸ™ğŸ™ğŸ™",7
2023-05-06T06:00:52Z,Laurentius Samosir,"Kaum nasionalis benteng NKRI! Mari kita kepalkan tangan dan singsingkan lengan baju. Kita menangkan Bung GANJAR PRANOWO menjadi Presiden NKRI penerus VISI, MISI, dan PROGRAM-PROGRAM Presiden Joko Widodo untuk INDONESIA MAJU.<br><br>Ganjar Pranowo yang paling dekat dan sangat perduli dengan wong cilik seperti Jokowi. Ganjar Pranowo itu relijius dan anti radikalisme. Ganjar Pranowo Presiden NKRI 2024. <br><br>Ganjar Pranowo tidak ada kaitan dengan rejim otoriter ORDE BARU yang akan melahirkan kembali kejahatan dan kekejian ORDE BARU.",0
2023-05-06T06:00:23Z,ROHMAT RORI,Alhamdulillah....<br>Semangat SELALU UNTUK Mendukung Dan Memilih Pak Ganjar Pranowo â¤ï¸ğŸ™ğŸ’ªğŸ‡®ğŸ‡©ğŸ‡®ğŸ‡©ğŸ‡®ğŸ‡©ğŸ‡®ğŸ‡©,8
2023-05-06T06:00:18Z,gonzales 1927,Alhamdulillah....,0
2023-05-06T05:59:03Z,Laurentius Samosir,"Kaum nasionalis benteng NKRI! Mari kita kepalkan tangan dan singsingkan lengan baju. Kita menangkan Bung GANJAR PRANOWO menjadi Presiden NKRI penerus VISI, MISI, dan PROGRAM-PROGRAM Presiden Joko Widodo untuk INDONESIA MAJU.<br><br>Ganjar Pranowo yang paling dekat dan sangat perduli dengan wong cilik seperti Jokowi. Ganjar Pranowo itu relijius dan anti radikalisme. Ganjar Pranowo Presiden NKRI 2024. <br><br>Ganjar Pranowo tidak ada kaitan dengan rejim otoriter ORDE BARU yang akan melahirkan kembali kejahatan dan kekejian ORDE BARU.",0
2023-05-06T05:47:20Z,Krisna Preset,Ganjar pranowo OKE.....,0
2023-05-06T05:39:36Z,jul yani,"Jika anis kalah di putaran pertama, saya yakin prabowo menang. Dikarnakan suara anis pasti pindah ke prabowo. Tapi ganjar tetap msih bisa bersaing",0
2023-05-06T05:36:25Z,Rakyat Bersuara,"Aneh bin Ajaib. Survei dengan Sampel 1000 orang di jadikan pegangan. ğŸ˜‚<br>Sementara Poling Terbuka ( memberi suara langsung) oleh ratusan ribu, bahkan Jutaan orang ga di jadikan indikator  elektabilitas siapa tertingi. Lucu ga coba??ğŸ˜…ğŸ˜…. Akal sehat mana yg bisa terima???. ğŸ˜‚<br>1000 sampel VS Ratusan Ribu poling terbuka. Memberi suara langsung??.<br>Masa TIMNAS Menang 10 kosong. Tapi dihitung 1 kosong. ğŸ˜‚ğŸ˜‚. Ya tuhan....",1
2023-05-06T05:28:51Z,A10 Duos,Bayar uang brapa lembaga surve nyağŸ˜‚ğŸ˜‚ğŸ˜‚ğŸ˜‚,1
2023-05-06T05:27:46Z,sdz,"Hasil Survei Independen hasilnya tdk jauh beda bila pilpres diselenggarakan.  Kalo sdh tau potensi menang besar,  ngapaen milih yg elektabilitasnya rendah. Gitu lho logic simple nya.  Ayok merapat ke Ganjar wahai kln yg masih raguğŸ˜Š",0
2023-05-06T05:27:36Z,Rakyat Bersuara,"Sudah lah jangan lagi bikin rakyat ngakakğŸ˜…. Sekarang bukan tahun 2019. Hampir 270.juta Rakyat Indonesia semua udah pada pegang HP dan telah melihat dimana mana, bahwa bukan survei tapi Poling terbuka di Semua medsos., mulai dari  facebook, tiktok, Youtube.dengan Respon poling terbuka  ratusan ribu orang. Bukan sampel seribu orang. Dan dimana mana Hasinya Anis menang Telak 80â„… sampa 90ğŸ˜…ğŸ˜…ğŸ˜…. Sampaikan Ke Yg Endors Ganjar  dan prabowo. Ga usa terlalu panik undang ketum ketum partai sana sini Untuk kalahkan Anis. ğŸ˜…ğŸ˜‚ğŸ˜‚. Ntar publik menilai terlalu kelihatan Panik karena Kekuasaan akan segera Runtuh 2024.ğŸ˜…",0
2023-05-06T05:18:13Z,Delta Pujangga,jangan mengulang sejarah arogan...ayoo  dukung Prabowo Presiden,0
2023-05-06T05:17:16Z,Ahmad Rifai,Semoga menang semua,0
2023-05-06T05:08:45Z,jhonny tupan,"Rakyat indoneisia tidak meliat lagi serfei tingal meliat ,2024 tetap prabowo presiden ini kan permainan bola ,u20",0
2023-05-06T04:54:00Z,Lalu Nas,"Mantap pak ganjar, mudahan amanah jujur, merdeka",2
2023-05-06T04:52:56Z,Fajar Nugraha,Survey abal abal,1
2023-05-06T04:40:17Z,MUST WE WITH,Pilihan boleh beda tapi masyarakat yg cerdas pilih yg benar2 berprestasi,0
2023-05-06T04:39:39Z,jonbudi,ok,0
2023-05-06T04:32:41Z,Awe Tiga,"Prabowo orang yang tepat untuk memimpin negeri ini setelah jokowi mengatasi konstetalasi  global. Pertarungan global, perekonomian global. Maaf, anies dan ganjar belum punya kapasitas itu. Pemimpin merakyat beda dengan pemimpin Berjiwa negarawan untuk rakyat. Prabowo Negarawan untuk rakyat. NKRI harga mati.. 2024 Prabowo presidenğŸ‡®ğŸ‡©",0
2023-05-08T05:53:45Z,Awe Tiga,"@Karsiono 005 menjadi daerah kolam renang terluas ğŸ˜‚, biarkan banjir pak gub nanti surut sendiri yg penting tiktokan dulu toh",0
2023-05-08T05:49:35Z,Awe Tiga,"@ITE WAHYU apakah mendukung israel untuk kepentingan kelompok pribadi seakan membela nega islam. Bicara islam itu si ganjar suka nonton bokep, piyeeğŸ˜‚, seorang pejabat publik sosok panutan suri tauladan",0
2023-05-08T04:09:38Z,ITE WAHYU,"@Awe Tiga mungkin penjajahan di atas dunia itu terkhusus untuk israel kali..<br>Kalau mau nolak rusia karena penjajahan efek nya ga signifikan <br>Tapi efek dari nolak israel itu buntut nya indonesia gagal jadi tuan rumah pildun <br>Negara rugi,generasi muda rugi,mau memerdekakan negara orang, tapi tertindas di negara sendiri oleh rakyat sendiri",1
2023-05-08T02:45:04Z,Awe Tiga,"@ITE WAHYU banyak yg bilang berjiwa nasionalis karena bersikap penjajahan diatas dunia harus di hapuskan, kilas balik ke G20 kok pada diam kehadiran rusia ya",0
2023-05-08T00:40:28Z,ITE WAHYU,"Terus kabarnya indonesia rugi triliunan garÂ² pak ganjar,,tidak mau menerima israel pada pildun u20",0
2023-05-06T04:25:02Z,maryati 123,MANTAP MASEEEEE GASPUOL,0
2023-05-06T04:14:27Z,Tiger Vega,Jadi ingat survai waktu pemilihan gubernur DKI..di saat itu pendukung pak ahok amat sangat percaya diri secara dari PDI pasti akan menang pak ahok.karna hasil survainya slalu peringkat teratas dan pak anis terendah.tapi tangan allah akan melindungi dan di beri kelancaran ke pada pemimpin yg bersungguh sungguh utk rakyat.ternyata pak anis menang....allah akan slalu melindungi pemimpin yg benar2 niatnya hanya utk rakyat....<br>innsaallahâ˜ğŸ¼,15
2023-05-08T03:40:04Z,Ani AW,"2024 mindset dan karakter bangsa tetap sama untuk pemilu,yakin tdk akan ada perubahan, pembangunan yg terlihat hanya fiktif untuk menutupi kebobrokan yg ada,, siapa pun presiden nya mesti nya kita lebih smart dan bijak dalam memilih,,capres yg benar2 punya karakter tegas ,bukan dibayang2 i dan di bawah tekanan ketum partai,, semestinya kita bersatu demi NKRI tercinta tetap jaya,, karena siapapun pemimpinnya, rakyat Indonesia yg akan merasakan nya... kenapa kita tidak mempersiapkan nya dr sekarang,,",0
2023-05-07T12:50:21Z,Rdn Nids,"Ini Indonesia drun, bukan DKI....<br>DKI markasnya kadrun...mereka leluasa demo berjilid jilid di DKI.",0
2023-05-07T07:15:51Z,yani -,Ada kejadian luar biasa yg merubah semuanya karena p ahok tersandung penistaan agama..,0
2023-05-07T03:17:21Z,samsu din,Sekarang se indonesia.........jdi jan ngimpi...bravo pak ganjar,0
2023-05-07T00:17:50Z,H A,"@Tiger Vega <br>Cepat tobat bro, anda ikuti aliran sesat.<br>MENOLAK LUPA.<br>Kaum yang senang caci maki, omong kotor, menghasut di dalam mesjid, tebar fitnah dan adu domba.<br>Kaum yang teriak &quot;Penggal Kepala Jokowi&quot;.<br>Hoaks Menang Pilpres 62 % hingga terjadi kerusuhan dan korban jiwa.<br>Hoaks Sarumpaet untuk membuat kerusuhan dan Perang Saudara di indonesia.<br><br>Kaum yang fitnah Presiden Indonesia PKI dan LGBT.<br>Menghina dan olok2.<br><br>Larangan menyanyikan lagu Indonesia Raya.<br>Larangan hormat bendera.<br>Memecah belah muslim dengan olok-olok Muslim Nusantara.<br>Mengolok2 Pancasila.<br>Membenci Nahdlatul Ulama (NU).<br>Masih banyak lagi.<br><br>Pengusung Negeri Khilafah telah hancurkan Negara2 Islam Suriah, Iraq dan Yaman.<br>Inilah Musuh Islam sesungguhnya.<br>Pengikut HT di Arab Saudi dihukum mati.<br><br>PKS / HTI / FPI yang semuanya dipimpin wan abud, sudah jadi bahaya laten indonesia.",0
2023-05-06T04:10:13Z,deAthoo_Channel,"Prabowo Capres terkuat, head to head thd ganjar maupun anis pasti akan menang",0
2023-05-06T04:05:31Z,Tom Jerry,Kalau saya jadi tukang survei elektabilitas Anis B  pasti saya katakan Anis B yg teratas...,0
2023-05-06T08:00:58Z,backbone,@Tom Jerry lahh...buktinya apa?,0
2023-05-06T07:57:21Z,Tom Jerry,@backbone kalau memilih presiden lain dari Anis siap2 untuk di bohongi lagi...,0
2023-05-06T05:40:45Z,backbone,Anies bohongin warga jakarta dgn buat strategi marketing rumah dp 0 Rp yang bulshitttt....ğŸ‘,0
2023-05-06T03:58:47Z,muhammad Nur Syams,Anies Rasyid Baswedan presiden kita 2024,1
2023-05-06T03:54:53Z,Supri Adi,"Kq elektabilitas parpol angkanya 28,9% semua...... ğŸ‘ğŸ‘ğŸ‘ğŸ‘ğŸ‘",0
2023-05-06T03:53:50Z,Noldy auna,Anies Baswedan Ok,1
2023-05-06T03:53:18Z,Noldy auna,Anies Baswedan Ok,1
2023-05-06T03:48:35Z,Ira Wati,â¤ter ganjar ganjar,0
2023-05-06T03:48:19Z,mukhlis amir,Pak ganjar duwet sama pak giring saya yakin surveynya pasti tambah meroket,1
2023-05-06T03:43:13Z,Eliandi Tjung,GANJAR PRANOWO RI 1ğŸ‘ğŸ‘ğŸ‘,1
2023-05-06T03:32:07Z,UNTUNG S,Ganjar penerus pak dek ğŸ’ª,1
2023-05-06T03:22:53Z,Imam Syafi i,Siap pilih pk ganjar,1
2023-05-06T03:22:24Z,Fadlon RJ.A,Kmi di Aceh 80%mendukung pak anies,0
2023-05-06T03:19:34Z,Nurhidayat,ğŸ¤ŸğŸ¤Ÿ,0
2023-05-06T03:15:41Z,mas thofik,Joss ganjar,0
2023-05-06T03:15:15Z,S. Lukman244,"Survey abal&quot;, pecah perut para lembaga survey kekenyangan..",1
2023-05-06T03:15:13Z,Joss Ivan M,PRABOWO TETAP TERBAIKğŸ‘ğŸ‘..,0
2023-05-06T03:12:51Z,gunawan liwijaya,Ganjar tetap di hati,1
2023-05-06T03:08:07Z,Margaretha Yohana,Pilih Ganjar dong....â¤,1
2023-05-06T03:08:06Z,arsyah saputra,Gass pool pak ganjar.....,1
2023-05-06T03:00:03Z,suprapto tewel,"Walaupu paling kecil &amp; terendah Survei y, tapi Anies paling di takuti&#39; &quot;Anies ğŸ‘",1
2023-05-06T02:58:09Z,Kim myungdae,Alhamdulillah selamat Pak Ganjar,2
2023-05-06T02:57:42Z,Wawan PJ,"Hebat LSI cerdas sesuai dg pikiran saya. Yg saya baca juga begitu. Pada akhirnya prabowo yg akn menang. Klo ingin satu putaran ya ganjar hrs mengalah untuk jd cawapres prabowo. Megawati hrs Mengalah skli2, kn prabowo sdh buktikan disiplin dirinya dan memgalahnya, sekrng gantian dooong. Masa cuma bisa nyuruh saja kpd orang untuk sabar, tp dirinya tdk sabar2. Apa kata dunia.",0
2023-05-06T02:48:45Z,putri,Basis prabowo disemua kalangan.pdi sdh ketar ketir jika prabowo masuk pencalonan,0
2023-05-06T02:46:29Z,putri,Putaran kedua terjadi,0
2023-05-06T02:42:39Z,Hamikua Aja,Ganjar Ganjar next ï¼ŒRI 1,0
2023-05-06T02:40:25Z,Deni Aja,ARaB  (  Anis Rasid Baswedan )   Pas...,1
2023-05-06T02:36:24Z,Sumber Mandiri,Lakon metune keri tanpa gembor2 ganjar yesss,0
2023-05-06T02:36:19Z,Gigih Berbakti,Ganjar Pranowo yes.....subianto no,0
2023-05-06T02:36:11Z,Sutik No,"Sekali ganjar tetap ganjar   yg lain,,, NO,,,!!!!!",1
2023-05-06T02:35:01Z,Pak Warjo,Kaum buruh sama driver truk Indonesia gabung Ganjar,1
2023-05-06T02:33:59Z,Lioe Fung,No  1  prabowo  presiden  nkri .petugas  rakyat  th  2024 ...gerindra  menang  â¤â¤â¤,0
2023-05-06T02:33:24Z,Juse Mink,"Kenapa saya pilih bapak Anis Baswedan sebagai presiden, karena hanya di tangan beliaulah RUU perampasan aset koruptor bisa di sahkan, kalau jokowi gak akan berani karena partai nya yaitu PDIP menolak keras undang-undang tersebut begitu pun ganjar pranowo, yang sama sama di usung PDIP, secara pribadi saya himbau kepada seluruh warga negara indonesia yang menginginkan perubahan untuk kesejahteraan bangsa ini marilah kita secara suka rela mendukung koalisi perubahan agar koruptor bisa di tindak secara maksimal karena telah menyengsarakan hidup orang banyak di negeri ini",1
2023-05-06T12:44:38Z,Juse Mink,"@backbone faktanya arteria Dahlan menjegal RUU perampasan aset tersebut bahkan diruang rapat DPR dan di hadapan kemenkuham, Arteria itu adalah kader PDIP, yang anda bangga banggakan itu, menurutku PDIP itu adalah sarang koruptor",0
2023-05-06T05:50:21Z,backbone,"Lahh...emangnya untuk mensahkan UU itu cuman didukung oleh satu partai, perlu juga partai lainnya bro karena khan musyawarah untuk mencapai mufakat/ dengan pemungutan suara anggota dewan dari semua partai...jadi jangan menuduh partai pdi p gak.mendukung UU perampasan aset cuy!!!",0
2023-05-06T02:30:17Z,Ernawati 03,Prabowo yes,0
2023-05-06T02:30:15Z,ana sobirin,Skali prabowo tetap prabowo,0
2023-05-06T02:27:35Z,Dudi Prayogo,Insyaallah Anies Baswedan menjadi presiden RI 1 di tahun 2024,0
2023-05-06T02:27:24Z,Kunci Yayan,"Yg surfe nya di bawah biasanya bakal menang telak,",1
2023-05-06T02:26:15Z,Josh.F Tambunan,Pak ganjar the real penerus pak jkowiâ¤,4
2023-05-07T00:03:37Z,Josh.F Tambunan,@Mocci Occ itu perintah konstitusi partai&amp;negara kita utk tak bersahabat dgn palestina bos ğŸ˜’,0
2023-05-06T22:58:01Z,Mocci Occ,kalau penerus Jokowi kenapa menentang Jokowi pada pildum U20,0
2023-05-06T22:56:34Z,Mocci Occ,presiden bokep,0
2023-05-06T02:22:26Z,Diki Aditri,Menolak Lupa Pildun Indonesia yang gagalğŸ˜®,1
2023-05-06T02:20:57Z,Yogi Suwarno,Aurvey bayaaran ngak aeauai fakta laapaangan,0
2023-05-06T02:18:28Z,Iyan Sopyan,"Wkwkwkwk<br>Survei bayaran,<br>Rakyat gak ada yg percaya lagi",1
2023-05-06T02:16:50Z,Ganda Simanjuntak,Selalu..!! ??? Dasar penipu..,0
2023-05-06T02:15:45Z,adiva official,"Klo 3 Capres trus 2 Putaran,..Ganjar jangan Berharap Menang.",0
2023-05-06T02:15:25Z,Sahat Napitupulu,Dan akan tetap semakin naik dari waktu kewaktu sampai pendaftatan ke KPU.  Satu putaran..,0
2023-05-06T02:03:37Z,La ode Sukman,Surfei ji,0
2023-05-06T02:01:41Z,CREATORS709,Survei nya 1 2 tapi seperti takut sama nomor 3 ğŸ˜‚ğŸ˜‚ğŸ˜‚ğŸ˜‚,1
2023-05-06T02:01:31Z,Pangat Bador,Pak Ganjar Pranowo Yeeeeeeess.....ğŸ‘ğŸ‘,1
2023-05-06T02:00:22Z,Agus Sulaiman,Hari gini masih percaya survei,1
2023-05-06T01:59:38Z,Mama Dhanie,Tetap Pak Ganjar pranowo â¤,1
2023-05-06T01:58:57Z,Sao Dah,Pilih kang Ganjar gk bakal menyesal,0
2023-05-06T01:56:41Z,La' Viory,Semoga saja dukungan utk bpk Ganjar Pranowo semakin bertambah byk utk menuju RI.1,36
2023-05-07T22:30:00Z,N Meci,Jadi ingat pilgub dki. Hasil survey anies ditempatkan di urutan buncit tapi akhirnya jadi pemenangğŸ˜‚ğŸ˜‚,0
2023-05-07T15:28:50Z,anggo putin,Amin,0
2023-05-07T04:23:57Z,YuUan,@dapit nurpalah dripda meramal orang lain atau meramal pemilu alangkah baiknya jika bsa meramal ramalah diri sendiri dulu siapa tau bsa tau kapan maut menjemput agar bsa bertaubat dan berbuat baik serta memanfaatkan waktu untuk beribadah ğŸ‘,1
2023-05-07T04:15:53Z,dapit nurpalah,@YuUan bukan fitnah bang tapi saya meramal dan bermimpi ğŸ¤£ğŸ¤£ğŸ¤£bahwa ganjar bakal berduet sama Erik tohir. Dan dimenangkan kpu,0
2023-05-07T00:56:09Z,Kurniadi,Amin,1
2023-05-06T01:54:22Z,AH OK,Yg pasti 2024 PARTAI ORBA NEW CUSTOM VS PARTAI WONG CILIKğŸ˜Š,0
2023-05-06T01:50:55Z,moh giri,CERVEI ABAL ABAL ...<br>RAKYAY SUDAH PINTAR JANGAN KALIAN BODOHI MIN .,0
2023-05-06T01:50:04Z,Guno Gumowongso,Ganjar pribumi asli prabowo campuran cina anis yaman yg pasti pati urip melu ganjar pro rakyat yg tak punya masalah yg setuju lek sebanyak banyaknya,0
2023-05-06T01:22:38Z,IQBAL,Kami mendukung penuh pak ganjar.... Semoga succes.,1
2023-05-06T01:15:47Z,Fahrur Rozi,Kok Sik manis smkin mnrunğŸ˜‚ğŸ˜‚ğŸ˜‚,0
2023-05-06T01:13:35Z,Uun Nurhayati,"Jangan memaksakan diri, hanya buang uang rakyat, tolong pangeran dunia detik ini cuma 1ğŸ‘ğŸ’¯ğŸ™ please lihat medsos please...",0
2023-05-06T01:12:18Z,Uun Nurhayati,"Udah jangan pura2 buta, dan bodo semua orang baik anak-anak kecil dan dewasa serta orang tua tinggal lihat medsos, please jangan bodoh atau pura2 buta liat medsos sekarang please...mks",0
2023-05-06T01:10:50Z,Uun Nurhayati,"Lihat medsos, jangan memaksakan diri, pangeran dunia detik ini 1 tidak banyak, tolong ngapain cuma buang waktu dan uang pemerintah daerah dan pusat tolong lihat medsos please...mks",0
2023-05-06T00:56:49Z,Rafanda 2018,ora milih ganjar,2
2023-05-06T00:54:07Z,Abdul Chanel,"5,7 % sampai 8,7 % 2024 ganjar yes",1
2023-05-06T00:51:43Z,Nazfudin Zaky,JARJI ganjar siji ganjar kabeh â¤,6
2023-05-06T01:53:14Z,Pangat Bador,Siaaaaap....Ganjar Pranowo Notonegoro...ğŸ‘ğŸ‘,1
2023-05-06T00:58:51Z,Rafanda 2018,ora,0
2023-05-06T00:43:12Z,Shafa Phone,Anis mundur aja dr pada nanti malu.,0
2023-05-06T00:40:25Z,Manan Sidikk,Hoax gx nih...wkwkwk,1
2023-05-06T00:32:16Z,Embahfreedom,Sejarah mencatat presiden tetap  dari jawa ini fakta bukan Hoax<br>Suku apa saja dari nusantara bisa jadi presiden asal ada gerbongnya ada dukunganya pasti bisa jadi presiden  NKRI.,0
2023-05-06T00:22:23Z,Dapur IJT tv,Ha ha sorve Abal Abal,1
2023-05-06T00:21:55Z,Dapur IJT tv,Prabowo yessss 2024,0
2023-05-06T00:18:52Z,Boy Andiek,"Head To Head Ganjar Pasti Keok ğŸ˜€ğŸ˜‚<br>Di pilpres Kali Ini Saya Akui,Prabowo Yang Di untungkan.karena Dia Diposisi Tengah. Biar Cebong &amp; Kampret Gak Terbelah trs, slalu Narasi Kebencian Mulu.",1
2023-05-06T00:14:56Z,moh giri,Servei bohong ... emange rakyat bodoh kalian bhongi.,1
2023-05-06T00:09:12Z,merkurius band,Ganjar ğŸ”¥ğŸ”¥ğŸ”¥ğŸ”¥,2
2023-05-06T00:06:13Z,Farianus Bereck,Ganjar Pranowo RI 1,0
2023-05-06T00:05:18Z,Siganteng Kalem,Siaapa yg disurpeynya bos...dari dulu yg disurpeynya orang itu itu juga...hasilnya ya pasti sama ..dasar surpey abal abal,1
2023-05-06T00:00:06Z,Lehon Abhid,ganjar RI 1,1
2023-05-05T23:57:21Z,Agus Salim,Survei abal abal tuh,1
2023-05-05T23:56:22Z,Mahmudin Mahmudin,Alhamdulillah anies semoga konsisten sampai selesai pemilu diposisi buncit.,0
2023-05-05T23:51:54Z,adel,"Waspada jangan berpuas diri dulu, tetap kita berusaha semaksimal mungkin meninggalkan jauh Prabowo dan Anies.. diprediksi pilpres dilakukan 2 putaran , ingat pengalaman Pilgub dulu di Jakarta dimana BTP dikalahkan saat putaran kedua digelar.....!!?",2
2023-05-06T00:21:24Z,adel,"Ingat pengalaman Pilgub Jakarta , dimana BTP cs dikalahkan Anies cs pada putaran kedua dgn politik identitas nya , waspadalah , jangan berpuas hati , tetap berusaha ...!!!",1
2023-05-05T23:59:21Z,Mawar Merah,Doa dr RAKYAT INDONESIA Smg ALLAH mengirimkan  pak GANJAR jadi presiden RI....<br>AMIN...ğŸ¤²ğŸ¤²<br>ALLAH maha kuasa....<br>ALLAH mh adil....<br>Klo ALLAH sdh berkenhendak pak GANJAR jadi Presiden siapa yg bisa menghalangi....??<br>Mamusia manapun  gak bisa menghalangi...!!<br>Paham km....!!<br>â˜ï¸â˜ï¸ğŸ’¥ğŸ’¥,1
2023-05-05T23:46:53Z,Ked Mulyana,Ganjar selalu memimpin,2
2023-05-05T23:45:37Z,Tirta Aruem,Puji Tuhan mga yg jdi no 1 terus pak Ganjar Pranowo yg jdi presiden 2024 Amiin3,1
2023-05-05T23:44:49Z,Erwin Santoso,Maaf saya tidak yakin dan ragu dng survei2 itu.....coba adakan survei atau polling live terbuka jadi semua orang bisa ikut survei.....,0
2023-05-05T23:44:28Z,engelhart bental,Gp presiden 2024,0
2023-05-05T23:32:58Z,Heru Budi,"alhamdulillah, inshaAllah di 2024 pilih Pak Ganjar.",11
2023-05-07T02:21:27Z,Mocci Occ,Nonton bokep bersama,0
2023-05-05T23:32:05Z,sulastri lastrii,Alhamdulilah pa Ganjar <br>Pasti persiden ğŸ‘,0
2023-05-05T23:31:46Z,Zainal Wahid,Selalu teratas karna titipan dan dibayar,1
2023-05-05T23:27:12Z,å‰å¤§çš„ä¸­åœ‹,"Prabowo ataupun Ganjar, yg penting bukan Capres pungutan impor..",0
2023-05-06T05:41:14Z,backbone,Ganjar aje ah,0
2023-05-05T23:24:01Z,Mawar Merah,Alhamdulillah pak GANJAR sll unggul survaynya....!! ğŸ™ğŸ™ Ya....ALLAH ğŸ¤²ğŸ¤² tolonglah rakyat INDONESIA ini kirimkanlah pemimpin yg benar2 iklas &amp; tulus untuk memimimpin &amp; melayani RAKYAT Indonesia....ya ALLAH.....ğŸ¤²ğŸ¤²<br>Pak GANJAR ....â˜ï¸â˜ï¸ğŸ‘ğŸ‘yg sll di tunggu2 Rakyat Indonesia smg engkau kirimkan ya ALLAH.....!!<br>AMIN....ğŸ¤²ğŸ¤²,2
2023-05-06T23:00:25Z,Mocci Occ,Yg dukung adalah para pecinta film bokep,0
2023-05-05T23:16:12Z,Nelson Nelson,Ganjar P,1
2023-05-05T23:11:52Z,Tarsan Auo,Prabowo menang 2024,0
2023-05-05T23:11:13Z,Naim Sheva,Salam metal bos Ganjar<br>..kembali reborn.,0
2023-05-05T23:09:38Z,Bang Baron,Kadrun pasti klojotan,0
2023-05-05T23:03:53Z,Adi Eff,Ganjar penerus program jokowi. Ayo rapatkan barisan dukung ganjarâ¤,1
2023-05-06T10:28:46Z,Adi Eff,@Rafanda 2018 bukit barisan ğŸ˜,0
2023-05-06T01:05:17Z,Rafanda 2018,barisan apa,0
2023-05-05T22:57:32Z,Khairil Anwar,Non sen ganjar selalu diatas,0
2023-05-05T22:56:30Z,M rifaldy alanda,Lawan berat pak ganjar prabowo kalo anis sekelas pilgub aja masih bisa menang,0
2023-05-05T22:33:18Z,KiddzChnl,Taek PDI RA BAKAL MENANG,0
2023-05-05T22:32:53Z,DOT ID,AH...ITU POLITIK KAMPANYE.<br>ğŸ‘‡<br>BAYAR LEMBAGA SURVEY UNTUK NAIKAN JUMLAH SURVEY.<br><br>RASUAH ITU SUDAH MAKANAN PARPOL.,2
2023-05-05T22:26:34Z,Amel Delifa,"KALAU KATA GURU-GURU ,<br>Biar anak bahagia , nilai nya 9 pun , tetap harus di sebut Nilai 1ğŸ˜‚, <br>soalnya nanti anak takut ngamuk-ngamuk....ğŸ˜…ğŸ˜…ğŸ˜…",12
2023-05-06T12:13:49Z,Nur Wati,Survey abal-abal ğŸ˜…ğŸ˜…ğŸ˜…ğŸ˜…ğŸ˜…,0
2023-05-06T11:59:15Z,Ardi Aja,Jijik milih org yg suka nonton bokef,0
2023-05-06T10:15:17Z,Badawi Al Khatiri,"Nanti kalau ganjar menang dan pdip hatrick lagi, dituduh curang lagi, fitnah dan hoax lagi, berkata dan berdoa buruk lagi, nyalahin Tuhan lagi, gak percaya takdir Allah SWT lagi, sampe kiamat gitu aja terus kadrun yaman kelakuannya gak tobat2.. Wkwkwkwk... Cuakks",1
2023-05-05T22:22:20Z,Jajat S,Semoga yohanes anus nyungsep,0
2023-05-05T22:20:27Z,Karyandi,"Yang penting, asal bukan Anies.. <br>ğŸ˜†ğŸ˜†ğŸ˜†",0
2023-05-05T22:18:38Z,Sabilul Rosyid,Bismillah Pak prabowo  Ri 1Aamin,1
2023-05-05T22:15:31Z,Iskandar Cowok,Dia ambel suara y dri mna<br>Ku GK merasa meleh,0
2023-05-05T22:10:06Z,wagiyo dini,"Saya. Keluarga besar saya dan mahasiswa saya juga pilih Ganjar karena ganjar satu2nya calon pribumi, dia yang mewakili kita.",4
2023-05-07T02:22:56Z,Mocci Occ,Nonton bokep bareng disenayan,0
2023-05-05T22:07:54Z,Jajang Zakaria,Hebat petugas partai survei nya tinggi,2
2023-05-05T22:04:42Z,Alber Ratung,Ganjar yesğŸ’ª,2
2023-05-05T22:03:35Z,anto Manuntung,Hny pk Ganjar yg mampuu terusknn perjugan pk Jokowi,2
2023-05-05T21:52:56Z,Joko Warung,Aku tetap GP,0
2023-05-05T21:52:50Z,Yazid Mahfudz,Yg penting Anis tdk turun ke peringkat 4,0
2023-05-05T21:48:32Z,wulandari tari,Insya&#39;allah tuhan<br>Masih mencintai negeri ini.<br><b>Ganjar Prabowo</b> akan menjadi presiden 2024<br>â¤â¤ğŸ¤ŸğŸ¤ŸğŸ’‹ğŸ’‹,1
2023-05-06T12:45:15Z,Heri Alfaridzi,Ribet dah klonpetugas partai,0
2023-05-06T00:15:42Z,adel,"Jangan dulu berpuas diri, kontestan lain masih dapat mengalahkan Ganjar dan pasangan nya pada putaran kedua , belajar dari pengalaman Pilgub Jakarta dulu ( Anies dgn politik identitas nya ) ....",2
2023-05-05T23:26:56Z,Mawar Merah,AMIN.....ya ALLAH.<br>ğŸ¤²ğŸ¤²,1
2023-05-05T21:45:55Z,Pemirsa Budiman,Biasaaa.. jagoan kalah duluan.. semoga Anies yg menang agar Indonesia jadi lebih baik,1
2023-05-05T21:41:34Z,Teddy April,"Arteria Dahlan pernah keceplosan,dan kalian masih percaya lembaga survei ğŸ˜†",2
2023-05-05T21:34:06Z,Andi Brebes,Mantaappp ğŸ‘ğŸ‘,2
2023-05-05T21:26:59Z,WAF ID,GANJAR DAN BU GANJAR YG CANTIK .. PRESIDEN AMIN â¤,1
2023-05-05T21:21:55Z,DIKA98,Alhamdulillah semoga pak ganjar jadi presiden ri di 2024.,1
2023-05-05T20:50:16Z,RIKI ANTONIA,Ganjar Pranowo terbaik â¤ï¸,8
2023-05-06T20:22:52Z,RIKI ANTONIA,@Sofyan Wijaya TAI WKWKWK,0
2023-05-06T12:40:39Z,Sofyan Wijaya,Terbaik nya dmn ? <br>Siap2 2024 untuk kehancuran banteng<br>Kalian udah bikin negara hancur,0
2023-05-05T20:40:58Z,Widayat Ir,"Alhamdulillah,aamiin YRA.",3
2023-05-05T20:34:59Z,Hadi Salim,"great news, yg penting asal bukan yaman ayat mayat.",0
2023-05-05T20:22:54Z,Murwani Dewi,pendukung p ganjar lebih banyak yg tidak bersosmed...jadi survey yg dimenangkan p prab...??????,0
2023-05-05T20:03:36Z,Jack W,PAK GANJAR !!!!!!!!!!!,1
2023-05-05T19:59:46Z,Apriyandi Kelana,Ganjar Pranowo.                &quot;Topmarkotop-lah&quot;!!,2
2023-05-05T19:59:18Z,Dapur Vanna,"Coba kalian mampir ke TV sebelah malah survey gini.. ngakak, bengek saya baca komentar mereka yg disebelah..",0
2023-05-05T19:52:10Z,Eight Ape,"InsyaAllah Pak prabowo next president 2024,,, kemungkinan Akan Ada putaran 2 ,,,Dan survey membuktikan Pak prabowo pemenangnyaâœŒï¸âœŒï¸âœŒï¸",0
2023-05-05T19:51:23Z,ahmad khoirudin,Ganjar the best,1
2023-05-05T19:49:15Z,Nano Romansyah,Prabowo,0
2023-05-05T19:47:03Z,Ubay Call,Prabowo presiden top 2024,0
2023-05-05T19:43:56Z,muhammad baihaqi,Garis tangan presiden yaaa ganjar. <br>Prabowo realistis laaah. <br>Yohanis ahlinya gali sumur,0
2023-05-05T19:31:09Z,Fajar Dwiono,ganjar presiden.,2
2023-05-05T19:27:59Z,Doko Wahyono,"Asumsi analisa saya cawapres Ganjar adalah mbak puan sebab yg menentukan cawapres Ganjar yaitu BU Mega,bila dari orang dekat p Jokowi asumsi saya p Erik Thohir lihatnya orang kepercayaan pak Jokowi di berbagai even pentingâ¤â¤",3
2023-05-06T03:45:39Z,Doko Wahyono,Asumsi kok ngawur terus dg siapa cawapres ganjar,0
2023-05-06T03:34:49Z,Den Mas,"Asumsi ngawur,tapi ya sah2 saja itu asumsimu sendiriğŸ˜‚.Variable penentu cawapres itu lebih kompleks",0
2023-05-06T00:00:01Z,adel,"Jika Puan yg jadi cawapresnya , diprediksi elektabilitas Ganjar bakalan merosot , sejak awal Puan telah mengucapkan ketidak senangan nya terhadap Ganjar sbg pesaing, sehingga hubungan nya dipastikan tidak harmonis ....!!!",2
2023-05-05T19:25:09Z,Syefrudin Lemos,Pilihanku ganjar,1
2023-05-05T19:24:11Z,Reza Demak,jos gandos pk ganjar,3
2023-05-05T19:11:15Z,sunartokades bulurejo,Mantap p Ganjar rakyat cerdas pilih p ganjar,0
2023-05-05T19:20:42Z,Ubai Dillah,Orang jujur dan cerdas pasti pilih pak anis,0
2023-05-05T19:10:47Z,Si ganteng Ganteng,Prabowo sajaaah  .....  Ga mau petugas partai,0
2023-05-05T18:47:17Z,The Jemadu,Amin Smg Allah restui Ganjar Ri 1 2024...kita dukug org baik jujur bersahaja peduli rakyat...Ganjar sahabat rakyat.,1
2023-05-05T18:27:30Z,ucup chanel(mie ayam deso),Ganjar pranowo sak jos e,1
2023-05-05T18:23:27Z,Suhaedi Eddi,Alhamdulillah... Semoga BPK Ganjar Pranowo Presiden 2024..ğŸ˜ğŸ¤²,2
2023-05-05T23:47:11Z,Mawar Merah,â€‹â€‹@Ubai Dillah <br>Doamu jelek smg kembali pd dirimu yg mendoakan....!!.<br>AMIN....ğŸ¤²ğŸ¤²<br>ALLAH mh adil....!!,1
2023-05-05T19:02:50Z,Ubai Dillah,Semoga ganjar tdk jadi presiden brroo,0
2023-05-05T18:22:16Z,Rey,Jokowi di hati GP di nanti  â™¥ï¸ğŸ‡®ğŸ‡©,2
2023-05-05T18:15:26Z,Moh Rojikan,Saya 6 orang semuanya pilih <br>Pak ganjar pranowo presiden,0
2023-05-05T19:10:07Z,Ubai Dillah,Dan saya juga 10 org pilih pak Anis,1
2023-05-05T18:13:26Z,Al fatih,"Jika 2 putaran ganjardrun bakal nyungsep,krn suara anis beralih ke prabowo,krn tdk mgkin suara anis ke ke ganjar.",1
2023-05-05T23:51:37Z,Mawar Merah,Doa dr RAKYAT Idonesia untuk pak GANJAR bisa terpilih jadi presiden smg diijabah ALLAH....â˜ï¸â˜ï¸ğŸ‡®ğŸ‡©ğŸ‡®ğŸ‡©ğŸ‘ğŸ‘<br>AMIN...ğŸ¤²ğŸ¤²<br>ALLAH mh kuasa segalanya klo ALLAH sdh berkehendak siapa yg bisa melawan....??<br>â˜ï¸â˜ï¸â˜ï¸ğŸ’¥ğŸ’¥ğŸ’¥,1
2023-05-05T18:08:54Z,Veri penjara,Kami tak percaya survei karna survei pakai uang,2
2023-05-05T17:56:34Z,Garuda Api,GAMA ğŸ‘‰GANJAR ğŸ‡®ğŸ‡© MAHFUD ğŸ‡®ğŸ‡©â¤,12
2023-05-06T00:54:29Z,ANDI IBROHIM,â€‹@Amel Delifa anis- novelğŸ˜®,1
2023-05-05T22:29:31Z,Amel Delifa,"lebih cocok , ganjar puan , atau ganjar jokowi , COCOKğŸ‘",0
2023-05-05T17:55:45Z,Simon Jallu,ANDAI YOHANNES ANIS RASHID BASWEDAN GAGAL NYAPRES DI INDONESIA GAK TERLALU MASALAH MASIH ADA HARAPAN IKUT PILPRES DI YAMAN,0
2023-05-05T17:52:35Z,David Siregar,Ganjar Pranowo Pancen Oye. Mantap Tenan ğŸ‘,4
2023-05-05T17:48:33Z,Faried Elino,Joss pak GanjarğŸ”¥,6
2023-05-05T17:45:31Z,Johari Ami,Semuga Alloh swt<br>Meridhoi pak GANJAR PRANOWO menjadi RI 1<br>AAMIIN AAMIIN AAMIIN YA ROBBAL AALAMIIN,1
2023-05-05T17:44:58Z,Masa Depan,"Jangan terobsesi dg lembaga survey bayaran oligarki, ingat 2004 buk mega selalu unggul survei tapi kok pak SBY yg menang, 2014 pak Prabowo unggul 6 lembaga survey nyatanya pak Jokowi yg menang, di dki pak ahok selalu unggul survei tapi kok mas anis yg menang, sampai disini kau masih percaya lembaga survey bayaran oligarki??? Sekarang fakta nya rakyat butuh perubahan bukan pencitraan",2
2023-05-05T17:44:04Z,NG Slanker,Prabowo-Mahfud MD 2024 pasti saya COBLOSSS.,0
2023-05-05T17:43:15Z,Ayu Pertiwi,Tetep PK Anis baswedan,2
2023-05-05T17:35:34Z,Ran Mouri,Sepertinya ada yg akan kembali ke habitat menjadi oposisi sejati ğŸ¤­,0
2023-05-05T17:32:18Z,Kepler Bintang,"Udh 7 bulan si Anis ini deklarasi tapi rating nya gk naik2 dan tetap urutan buncit pdahal udh keliling Indonesia,gimna mau menang",0
2023-05-05T17:31:37Z,Supri Adi,"Dulu dikampung saya setelah deklarasi Jokowi banyak warga yang antusias membuat posko tapi sekarang setelah deklarasi Ganjar sepi tidak ada respon, karena aura pamor dan wibawanya ganjar tidak SEISTIMEWA JOKOWI",0
2023-05-05T17:26:44Z,Pariman Cs,In sya alloh ganjar,2
2023-05-05T17:24:52Z,Edi Sugiyanto,"Pak Ganjar calon presiden terbaik 2024, pendeng gepeng pilih pak ganjar, Insya Alloh",3
2023-05-05T17:21:27Z,Kuswandi,"Semoga capres yg lain tetap sehat dan turut berdo&#39; a, biar Pak Ganjar saja yg jadi PRESIDEN!<br>ğŸ˜‚ğŸ˜‚ğŸ˜‚ğŸ˜‚ğŸ˜‚ğŸ˜‚ğŸ˜‚ğŸ˜‚ğŸ˜‚ğŸ˜‚ğŸ˜‚ğŸ˜‚ğŸ˜‚Hareudang....hareudang....hareudaaangngng.....nanas...nanas...nanaaassss......",0
2023-05-05T17:21:18Z,RFA CHANNEL,Pembodohan dan pembohongan publik survey ARB selalu kalah karena membela yang bayar padahal di lapangan ARB selalu di tunggu tunggu rakyat..,1
2023-05-05T17:20:47Z,Sang Pengelana,Ganjar Pranowo ternyata menerima anu Mega proyek E-KTP ğŸ˜®ğŸ˜®,1
2023-05-06T13:12:17Z,Sang Pengelana,"@Mawar Merah bukan fitnah tapi nyata,, Nazaruddin jujur pa adanya krna posisi di tersangka bohong tiada gunanya,, mungkin Ganjar dilindungi petinggi partai yang saat itu sedang berkuasa ğŸ˜‚",0
2023-05-05T23:40:26Z,Mawar Merah,Mulai menebar HOAK &amp; FITNAH....â˜ï¸â˜ï¸ğŸ’¥ğŸ’¥<br>Smg ALLAH segera  memberikan ganjaran &amp; keadilan pd org2 yg sirik &amp; suka menyebar Fitnahan ini....<br>AMIN....ğŸ¤²ğŸ¤²,1
2023-05-05T17:20:15Z,Aimar Adistyo,Petugas partai ...no petugas Rakyat ...ok...Anies masa depan perubahan dan persatuan no nurut sama oligargi,0
2023-05-06T05:57:59Z,backbone,nies juga petugas  partai dr nasdem,0
2023-05-05T17:16:06Z,Aimar Adistyo,"Survei ....pesanan sudah di setting bro , ....",1
2023-05-05T17:15:10Z,Tomi Kartomi,Preed,0
2023-05-05T17:15:08Z,Rais Rosadi,Percaya sama survai..<br>Bukti rakyat menginginkan pak Anis,1
2023-05-05T17:13:35Z,Didik kuswandi,Bagi yg tidak suka pasti bilang survei bisa dibeliiiii ...,2
2023-05-05T17:09:40Z,yayan alfian,Ganjar puan for presiden 2024,0
2023-05-05T17:08:14Z,Reza Pahlevi,Dari 2019 semua org udah tau.. semua media di kuasai,1
2023-05-05T17:02:51Z,Ahmad Holian,prabowo lah org nya tulus dan iklas,0
2023-05-06T05:46:31Z,backbone,"Prabowo orang yg otoriter,berbahaya buat kelangsungan sistem demokrasi di indonesia",0
2023-05-05T17:00:41Z,Rudy H Worotikan,"Prabowo Subianto petugas rakyat bukan petugas partai &amp; Prabowo Subianto Presiden RI 2024, Amin ğŸ™",1
2023-05-05T17:00:26Z,HARRY NOTOPROJO,Ganjar pranowo capres pilihan terbaik,2
2023-05-05T16:58:45Z,Chairul B,Pak Ganjar ğŸ¤²ğŸ»,7
2023-05-05T16:57:51Z,Nyoman Susanto,Ayo bersama Ganjar Pranowo RI1,4
2023-05-05T16:55:57Z,pecinta alam Sumatra 99,"Namany lah surve ğŸ˜‚ğŸ˜‚ğŸ˜‚ penghargaan aja dadakan ,setelah di calonkn tiba&quot; jateng di sebut terbaik ,,,padhal belum lama trimedia katakan jateng masuk 17 provinsi termiskn ,puan juga mengatakan di jateng jarang mandi ,,,kan sesuatu yg aneh kok tiba&quot; terbaik ,,,,hanya orang bodoh yg bisa di bodohi pecitraan",2
2023-05-05T16:55:09Z,Suyanto Barkah,apapun suku dn golongan nya gp lah persiden nya,0
2023-05-05T16:54:29Z,Ira Ari,Alhamdulillah Ganjar selalu naik!â¤ğŸ¤ŸğŸ‘,30
2023-05-06T04:39:50Z,Surya Taufik,Naikkan angka kemiskinan dipropinsinya,1
2023-05-06T01:58:42Z,La' Viory,Aamiin YRA,0
2023-05-06T00:06:09Z,Gibernau 27,Putaran ke 2 suara anies di berikan kpd prabowoğŸ˜…ğŸ˜…ğŸ˜…,1
2023-05-05T23:18:18Z,Sidik Komaruddin,alhamdulillah anies selalu turun.,1
2023-05-05T16:54:08Z,Nyonya Arzu Emiroglu,Alhamdulillah elektabilitas Pak Ganjar masih teratas semoga sehat selalu dan terus naik ğŸ“ˆğŸ’ªğŸ¥°ğŸ‡®ğŸ‡©ğŸ™ğŸ¤Ÿ,29
2023-05-07T22:30:36Z,N Meci,Jadi ingat pilgub dki. Hasil survey anies ditempatkan di urutan buncit tapi akhirnya jadi pemenangğŸ˜‚ğŸ˜‚,0
2023-05-07T06:34:53Z,×Ö·×‘Ö°×¨Ö¸×”Ö¸×,PreeetğŸ˜‚ğŸ˜‚ğŸ¤£ğŸ¤£,0
2023-05-06T01:51:51Z,Petrus Petrus,@H Sujak sakit hati ya,2
2023-05-06T01:51:21Z,Petrus Petrus,@Ubai Dillah sakit hati ya,2
2023-05-06T00:51:43Z,ANDI IBROHIM,â€‹@Ubai Dillah daripada meluk istri orang bukan muhrimnyağŸ˜ŠğŸ˜…ğŸ˜®ğŸ˜¢ğŸ˜‚,1
2023-05-05T16:51:45Z,Dodi Sahputra,Ganjar Pranowo,2
2023-05-05T16:50:43Z,BAKA DEPAI,"2 x gak milih pak Prabowo, kali ini saya pastikan dan yakin memilih pak Prabowo.<br>2024 PRABOWO R1 ğŸ™",0
2023-05-06T05:47:29Z,backbone,Mengapa??pdhal keliatan se x orangnya emosional sehingga cenderung bersikap otoriter,0
2023-05-05T16:49:16Z,Amel Amel,Saya tinggal di Aceh...saya dukung Pak Ganjar..,2
2023-05-06T05:55:18Z,backbone,"Saya tinggal dijakarta dan lahir dijakarta maka gak akan pilih pemimpin yang suka membual seprtti anies karena sudah mengecewakan dalam menjanjikan rumah dp 0 Rp dan prgram oke oce serta reklamasi yg brrjalan lg setlah dulu.wktu kampanye ditolaknya,lalu banyak.lagi kinerja yg mengecewakannya",0
2023-05-05T19:15:52Z,Ubai Dillah,Dan saya juga tinggal di Banten saya dukung pak Anis,1
2023-05-05T16:55:43Z,Alma Muhamad,Saya tinggal di Banten siap dukung Bapsk ANIES RADYID BASWEDAN,1
2023-05-05T16:48:43Z,TONI DS SUHARTONO,BoooHiiiRRRR ğŸ‘ğŸ‘ğŸ¾,0
2023-05-05T16:48:25Z,Dema Rahmah,tetap pak ganjar RI 1 2024 â¤ï¸ğŸ‡²ğŸ‡¨,2
2023-05-05T16:47:33Z,Tar Sono,Ooh gitu ya... komennya pada lucu dan imut ğŸ˜†ğŸ˜†ğŸ˜†ğŸ˜†ğŸ˜†,0
2023-05-05T16:42:35Z,Ms,Hahahaha,0
2023-05-05T16:42:34Z,supardi pardi,sekali Ganjar tetep Jos,24
2023-05-06T12:19:33Z,cintai musik indo,@Olun Setrum kadrun apalagi bisa jadi gurun pasir indonesia jangan pilih anis dan partai2 kadrun,0
2023-05-06T12:10:40Z,Olun Setrum,Siapapun presiden nya jgn pilih banteng,0
2023-05-06T04:55:09Z,Darmawan M,â€‹@Ubai Dillahy...bakalan keok lg di 2024,0
2023-05-06T04:19:17Z,cintai musik indo,@deAthoo_Channel itu survey sebelum 21 april dodol wktu upaya si nurdin kualisi besar koar2 wkwkwkwk mana nurdin sekarang ngumpet dia,0
2023-05-06T04:11:48Z,deAthoo_Channel,Ganjar kalah head to head lwn prabowo 49% vs 40%,1
2023-05-05T16:41:42Z,Irwan Kertajaya,Wkwkwk,0
2023-05-05T16:40:29Z,xpander 89,JANGAN  JADI PATOKAN SURVAI  KARNA SURFAINYA SUDAH HAMIL DULUAN   NANTI KALAU LAHIRNYA HASIL DI LUAR NIKAH HASILNYA BUDEQ  POLONGAK PLONGOK KAYAK AYAM DI KEBIRI   MAKA DARI ITU  JAWABANYA  ANESLAH ORANG YANG PANTAS  R1        1,2
2023-05-05T16:38:27Z,Emma Emma,GANJAR PILIHAN JOKOWI...KEMAMPUAN PRESTASI DAN WAWASANNYA JAUH MELEBIHI ANIS DAN PRABOWO...GANJAR RI 1 SI 2024....,0
2023-05-05T16:37:45Z,KEDUNG AVO PATI,"Ijin tanya,diantara tiga calon presiden tersebut yg bukan petugas partai yg mana ya??? Terimakasih...",1
2023-05-06T05:45:31Z,backbone,Yg namanya petugas partai itu emang salah?? Pdhal partai berbeda beda ideologis dan gaya berpolitiknya.....seperti pdi perjuangan yg menerapkan idealisme dalam berpolitik sedangkan partai partai lainnya malah ada yang berpolitik pragmatisme,0
2023-05-05T16:35:54Z,binetf,"biarlah yang satu out dari jokowi, mungkin sedang beli gorengan yang masih butuh minyak goreng",0
2023-05-05T16:32:49Z,Uslan Noor Saidi,"Hasil survei tinggi namun tidak pede,  seperti takut dengan Anies Baswedan",3
2023-05-06T10:55:17Z,Tulus Wijanarko,"Apa yg di takuti dr Anies,,, kl kalah jgn bikin huru hara ya,,, jgn menyalahkan Tuhan,,",0
2023-05-05T16:32:42Z,Sudarmadji -,"<b>GANJAR 55, 7 PERSEN, GANJAR SEMAKIN TAK TERTANDINGIâ¤â¤â¤</b>",56
2023-05-07T12:42:51Z,Rdn Nids,"@Indar Jaya <br>Haduh, benar2 kebodohan lu sangat natural...istilah survey aja ga faham...<br>Parah lu drun....!!!",0
2023-05-06T12:47:06Z,Indar Jaya,@Moch Mahrus Mahrus kalau memang betul hasil nya lembaga surve ngapain masarakat yg nyoblos. Lembaga surve aja yg pilih presiden.,0
2023-05-06T12:41:08Z,Felisha Rachma,"Jgn prcaya lembaga survey ttg ganjar yg tratas,,anies apalagiii,?<br>gk percaya blaaaaass gadaaass...ğŸ™ˆ",0
2023-05-06T12:37:22Z,Moch Mahrus Mahrus,â€‹@Petrus Petrus kecuali sevenya tvoneğŸ˜‚ğŸ˜‚ğŸ˜‚,0
2023-05-06T12:36:43Z,Moch Mahrus Mahrus,â€‹@Haris Ombol tapi semua surve hampir semuanya sama dengan presiden yang menang.,0
2023-05-05T16:29:43Z,Ya yuk,Alhamdulillah Pak Ganjar sll unggul.. ğŸ‘ğŸ‘ muda mudahan bisa menjadi Presiden RI 1 ğŸ’ªğŸ‡®ğŸ‡©,7
2023-05-06T00:17:45Z,adel,"Jangan dulu berpuas diri, Ganjar cs masih bisa dikalahkan pada putaran kedua berlangsung .!!!",1
2023-05-05T21:37:28Z,Prabu Kiansantang,Amiin YRAğŸ¤²,0
2023-05-05T16:28:50Z,Radi Lasgab,Liat aja masarakat pilih aneis,3
2023-05-05T16:28:43Z,Desa chanel Official,GANJAR PRANOWO YESSS...,3
2023-05-05T16:27:20Z,Deni rahman,Mantap mas ganjar walau di kepung calon lain masih tertinggi kerja terus biar hasilnya memuaskan semoga menang,19
2023-05-06T04:15:35Z,deAthoo_Channel,Ganjar kalah head to head lwn prabowo 49% vs 40%ğŸ˜‚ğŸ˜‚,1
2023-05-05T23:35:04Z,Prabu Kiansantang,@Mawar Merah amiinğŸ¤²ğŸ™,0
2023-05-05T23:25:38Z,Mawar Merah,â€‹@Prabu Kiansantang Amin....ya robbil alamin....ğŸ¤²ğŸ¤²<br>Smg doa kita semua di ijabah ALLAH....ğŸ™ğŸ™,2
2023-05-05T21:35:26Z,Prabu Kiansantang,AmiinğŸ¤²,0
2023-05-05T16:27:11Z,Kanjeng Syech,Mantab â¤â¤ ganjarrr,4
2023-05-05T16:24:51Z,Indro Pramudianto,Aku pilih yg muda dan pekerja keras melebihi BP Joko Widodo dalam meneruskan apa 2 yg sekarang dah dirintis Presiden kita,0
2023-05-05T16:23:11Z,Suyamto Zone,Prestasi ganjar jauh di banding prabowo... Tetap prabowo presiden,0
2023-05-05T16:23:09Z,Achmad Mudjajin,"ahok unggul disemua survey....kok anies menang mutlak, jangan2 surpa surpee ini hasilnya akan copas dki....Anies the next, cebi2 dilarang baper!",2
2023-05-05T16:22:38Z,ISLAM RAHMATAN LIL ALAMIN,survei nya beda2 yah,1
2023-05-05T16:22:15Z,kami Indonesia tulenğŸ‡®ğŸ‡©,Ganjar pancen oyyee....<br>Saya yakin Indonesia 100 tahun mendatang akan selalu di pimpin suku Jawa (ğŸ™ğŸ»)<br>Walaupun saya marga bancin â˜ºï¸ğŸ˜,26
2023-05-08T07:05:16Z,kami Indonesia tulenğŸ‡®ğŸ‡©,"@bikin video kenapa lu bro ğŸ˜‚ğŸ˜‚<br>Jawa gak punya sumber daya alam, tapi punya sumber daya manusia Bambang ğŸ¤£ğŸ¤£ğŸ¤£<br><br>Saya juga orang Sumatra.<br>Kau Sumatra mana??<br><br>Tetapi realitas nya mmg demikian,suku Jawa masih sangat mayoritas, dan insyaallah mereka akan cenderung memilih keturunan Jawa Asli lah.<br>Bukan kW kW.<br>Darah nya setitik pun tak ada rasa Indonesia nya (sorry ya)<br><br><br>Mau bantah silahkan, tapi pakai narasi yang enak,biar debat nya asik.<br>Monggo....",0
2023-05-08T00:29:13Z,bikin video,"Emang Indonesia Jawa doang bos, orang Jawa kalo ga ada sumatera dan Kalimantan ga makan bisa kelaparan. Industri di Jawa batubara dari Kalimantan, minyak goreng Jamet dari sumatera jawa pulau miskin ga punya sumber daya alam apa2 orang Jawa bisa makan karna memeras sumber daya alam Kalimantan dan Sumatera",0
2023-05-07T23:45:40Z,La' Viory,@slimshady08 fitrianaim ğŸ‘ğŸ‘ğŸ‘,0
2023-05-06T11:15:23Z,Suhanda Wanda,â€‹@Ubai Dillah mana buktinya yg udah bisa bikin maju Indonesia kecuali jokowi,0
2023-05-06T04:58:43Z,Fajar Nugraha,Aku suku rorombeheun merasa terhina masa jawa terus,0
2023-05-05T16:22:03Z,Suyamto Zone,Prabowo presiden...,0
2023-05-05T16:21:56Z,Juhairiyanto Ajha,1Juli...MERAHKAN INDONESIA  ...GANJAR PRANOWO...JOZZZZğŸ‘ğŸ‘ğŸ‘ğŸ˜„,6
2023-05-05T16:21:56Z,Suswanto 99,Indramayu hadir Ganjar semakin di depan salam banteng ğŸ¤Ÿ,8
2023-05-08T05:01:24Z,bray,Gada kapoknya pilih banteng,0
2023-05-05T16:20:04Z,Muhamad Husein,"Jangan  pilih  Kadrun , wkkwkkw",1
2023-05-05T16:19:03Z,Ontho Hoed Chanel official,Si uban Ganjar cocoknya jadi duta film Jepang ğŸ˜ğŸ˜ğŸ˜,5
2023-05-05T16:18:05Z,Anwar Bey,"Survey bayaran itu hanya utk menggiring opini publik, faktanya nanti akan kita buktikan 14 feb 2024...Insyaallah ANIES yg menjadi PRESIDEN sejatinya saat ini elektabilitas ANIES sdh sulit utk dikejar.",0
2023-05-05T16:17:59Z,Rohima Tina,Saya pilih pk Anies Baswedan for RI 1 ğŸ‘,2
2023-05-05T16:17:44Z,Mlatikudus 5a,Tetep ganjar,3
2023-05-05T16:17:23Z,Ahmad Khoiruddin,Pokoknya RI1 no cendana no cikeasğŸ‘ŠğŸ‘ŠğŸ‘Šâ—ï¸â—ï¸â—ï¸â—ï¸,6
2023-05-06T03:03:39Z,Zaky Zaky,â€‹@Mawar Merah S7 no kadrun Yohanes basedan,1
2023-05-05T23:33:44Z,Mawar Merah,Betul skl....&amp; sangat se 7 skl....ğŸ‘ğŸ‘ğŸ‡®ğŸ‡©ğŸ‡®ğŸ‡©<br>Pak GANJAR sll di nanti di 2024....<br>Untuk memimpin NKRI....!! ğŸ‡®ğŸ‡©ğŸ‡®ğŸ‡©ğŸ‘ğŸ‘<br>AMIN...ğŸ¤²ğŸ¤²,1
2023-05-05T16:17:20Z,Mlatikudus 5a,Walaaupun 1000  survey mmenangkan  ganjar xan bkal di hujat para kadrun,3
2023-05-06T09:30:50Z,Mlatikudus 5a,@Ubai Dillah pki kadrun 11 12 bedanya pki dah lenyap di telan bumi kl kadrun msih mengais2 mncari makan,0
2023-05-06T03:07:34Z,Zaky Zaky,Kadrun sok keras ğŸ˜‚ğŸ˜…,0
2023-05-05T19:04:42Z,Ubai Dillah,Sebentar lg banyak yg jadi kadrun dadakan..saya suka di bilang kadrun dari pada pki penghianat bangsa broo,0
2023-05-05T16:17:10Z,Ahmad Khoiruddin,"prabowo no, apalagi anis keturunan kadrun bodoh itu , POKONYA NOğŸ‘Šâ—ï¸â—ï¸â—ï¸ , pokonya  Harus pribumi asli dan itu hanya ada pada pakde GanjarğŸ‘ğŸ‘ğŸ‘",0
2023-05-05T16:17:03Z,Jamal Udin,Hanya bisa ketawa aja...hahHHaa,1
2023-05-05T16:16:55Z,Ahmad Khoiruddin,"Mosok presiden kok duda (nggak punya istri, nggak ada ibu negara berartiğŸ˜…), udah mbah2 lagi, nggak lucuğŸ˜…<br><br>Apa nggak malu kalau mbah wowo kalah EMPAT KALIğŸ¤­ ...",0
2023-05-05T16:16:38Z,Zaidan Revi,Inssa Allah pak ANIS pasti jadi persiden kita,1
2023-05-05T16:16:16Z,AHMAD HS  GP RI 1 2024,Siap berjuang untuk Kemenangan Ganjar Pranowo untuk menjadi Presiden tahun 2024,21
2023-05-06T12:38:10Z,La' Viory,Siappp,0
2023-05-06T00:57:27Z,Rafanda 2018,ora milih,0
2023-05-05T22:32:14Z,Amel Delifa,"GAK MAU AH... <br>Takut seperti jokowi , rumah-rumah warga dilibas jadi jalan tol , yang merugi terliunan itu ,",0
2023-05-05T21:36:15Z,Prabu Kiansantang,Siap gaskeuuun lurrğŸ’ªğŸ’ª,0
2023-05-05T16:16:07Z,Atmopawiro,Ganjar ğŸ‘,9
2023-05-05T16:15:48Z,Ahmad Khoiruddin,In syaa Allah Bung ganjar akan semakin naikğŸ‘ğŸ‘ğŸ‘<br><br>Pokoke gas pollğŸ’ª,39
2023-05-06T22:59:27Z,Mocci Occ,Presiden bokep,0
2023-05-06T07:28:29Z,Suradi Suradi,â€‹@Ubai DillahAAMIIN,1
2023-05-06T01:57:07Z,La' Viory,Aamiin YRA,1
2023-05-05T18:46:58Z,Ubai Dillah,Semoga ganjar hanya menang di lembaga survai aja..dan insya allah pak anis presiden 2024 saya tulus ikhlas dukung pak Anis.,3
2023-05-05T16:15:16Z,Zaidan Revi,INI TUKANG SURPAI ABAL ABAL JANGAN DI PERCAYA,1
2023-05-05T16:14:14Z,natanael,"Suara Pak Ganjar akan kembali sebelum blunder U20, krn ana salah satu yg sadar. Pilihan hanya GANJAR waeğŸ˜†",6
2023-05-06T02:49:37Z,putri,Akan terus di ingat rakyat indonesia,0
2023-05-05T18:43:00Z,Bapa Rohim,Betul saudaraku setanah Air <br>Jgn pilih keturunan yaman,1
2023-05-05T16:24:18Z,Rahmat Kartolo,"Gua juga begitu, hati ga bisa diboongin.<br>GP RI 1",1
2023-05-05T16:13:54Z,Zaidan Revi,Ok pak ANIS raykyat Indonesia mendukungmu,1
2023-05-05T16:13:48Z,Nadhifa Ramadani,Pastinya unggul sudah dibayar sorveynya,0
2023-05-05T16:13:12Z,putripanda,biismillah barrakalloh pak ganjar terbaik,6
2023-05-05T16:13:06Z,Luna Lavgood,"Buktikan tidak hanya Gub DKI yang bisa jadi batu loncatan utk jadi Presiden. Ayo para Gubernur, berkinerja dg baik sehingga layak jadi RI 1",2
2023-05-05T18:16:16Z,Al fatih,"Apa kinerja ganjar,pendukung ganjar itu org2 gak punya otak,kalian memilih dia cuma krn,kalian org jawa,kalian org kafir yg benci anis,coba apa kelebihan si rambut putih itu ??",0
2023-05-05T16:13:05Z,karikatur digital,"KADRUN ga akan percaya survei selama junjungannya berada dipaling bawah .. jangankan SURVEI , hasil PEMILU pun mereka ga percaya , tp anehnya mereka masih mau ikut  PEMILU , ibarat BOCIL yg lagi maen PS tau joystik nya rusak tp tetap maksa maen dgn alasan nanti kl kalah ya joystik nya rusak , jadi kl kalah survey atau pemilu pasti di bilang CURANG",8
2023-05-06T04:07:43Z,Lilly Ayunah,Kadrun kebanyakan bodoh,0
2023-05-05T18:41:51Z,Bapa Rohim,Kadron itu salah juga masih dibilang benar <br>AntitesisğŸ˜‚ğŸ˜‚ğŸ˜‚,0
2023-05-05T16:25:11Z,Rahmat Kartolo,ğŸ˜‚ğŸ˜‚ğŸ˜‚ğŸ˜‚ bener juga,0
2023-05-05T16:12:37Z,Zaidan Revi,Pak ANIS  yeees,2
2023-05-05T16:12:34Z,Dunia Print,"ANIES 15% DITAMBAH KEKUATAN DAHSAT DARI PARA KYAI, ULAMA DAN SANTRI...ITU FAKTA DI LAPANGAN.",1
2023-05-05T16:12:19Z,ch ndeso,Kesedihan dengan akan berakhirnya jabatan pak jokowi gini terobati dengan di calonknnya pak ganjar ğŸ¤Ÿ,10
2023-05-05T16:12:17Z,Zaidan Revi,Bisssmilahhirhomannirohim pilih pk ANIS aja yang jadi persiden Indonesia raya,0
2023-05-05T16:12:14Z,Budi Arman,Tidak bisa pedoman survei bisa di pesan,1
2023-05-05T16:11:32Z,Bunga Adi,Ganjar - Mahfud MD,0
2023-05-05T16:10:56Z,Anita Ananda,"Kalau melihat situasi Dunia yg gonjang ganjing dampak dari Perang di Eropa, di perlukan kepemimpinan Nasonal yg kuat.dan itu hanya ada pada Prabowo S.",0
2023-05-07T04:04:31Z,backbone,"Pidato jokowi dulu jelas bahwa ada bawahan bahwannya yg menginginkannya untukbjd presiden lagi di tahun 2024 namun langsung jokowi tolak koq malah menginstruksikan pak menkopolhukam buat pastikan jadwal pemilu 2024 yang udah direncanakan klo gak salah pd tgl 14 februari 2024. Jadi yg menginginkan jokowi 3 periode itu bukan jokowi namun orang orang yg ada disekitarnya yg punya kepentingan sendiri/golongan buat cuman menyarankan kepada jokowi begitu.<br><br>Justru saya meyakini kalo presidennya sekarang prabowo maka bisa jadi prabowo akan menyetujuinya, gue yakin itu. Karena gue dan anda lihat sendiri tayangan video wawancara jurnalis senior dari amerika yang diwawancarai oleh jurnalis metro tv itu bahwa prabowo tidak setuju konsep politik demokrasi melainkan fasisme karena demokrasi bertolak belakang dengan totoriterian alias otoriter. <br>Karna ada bukti nya itu video wawancara jurnalis asing yg pernah interview prabowo pada tahun 2001 lalu maka ini bukanlah asumsi",0
2023-05-07T03:13:06Z,Anita Ananda,"@backbone mudah2an bukan bermaksud menyindir orang yg merasa memiliki otoritas lalu berpikir otoriter dg mewacanakan perpanjangan jabatan Presiden, belum lama ini.",0
2023-05-07T02:59:58Z,backbone,"Secara singkat, negara demokrasi berarti memberikan kekuasaan tertinggi kepada rakyatnya. Berbeda dengan negara otoriter yang berarti sistem pemerintahan politiknya berpusat pada seorang pemimpin.<br><br>Biasanya, pemimpin otoriter tidak dibatasi dengan aturan hukum dan membuat kebijaan negaranya sesuai kehendak pribadi.",0
2023-05-07T02:55:51Z,backbone,Otoritas itu wewenang yg diberikan dengan mengadakan musyawarah terlebih dahulu namun klo otoriter itu kekuasaan yang sewenang wenang karena emang gak diharuskan untuk melakukan musyawarah dahulu,0
2023-05-06T15:50:21Z,Anita Ananda,"@backbone Otoriter terjadi karena adanya otoritas,dan itu  bisa terjadi dlm bidang apapun, sekala tinggi atau rendah, besar atau kecil.",0
2023-05-05T16:10:22Z,ANTO KOPI,"Kita cari penerus Jokowi, bukan pengganti,",6
2023-05-06T01:06:20Z,neng adit,btul,0
2023-05-05T16:10:08Z,Sabar Pku,pileng saya mas Ganjar Pranowo menang di 2024,3
2023-05-05T16:09:48Z,agus setyawan,Mas Ganjar untuk presiden 2024... tetep putih nggak beralih,7
2023-05-06T03:23:50Z,La' Viory,Pastinya yg ubanan,0
2023-05-05T16:09:25Z,Wahyu Umi,Survenya itu dari mana yaaa.... kalo bisa survenya itu dari desa.....,1
2023-05-05T16:08:51Z,zharah 008,Gsnjsr tetap menang,0
2023-05-05T16:07:06Z,aaaa,"Anis presiden terbaik<br>Ganjar 2 periode Jawa tengah propinsi termiskin,,cari presiden bukan petugas partai tapi petugas rakyat",2
2023-05-06T05:51:21Z,backbone,Gak semua partai itu memntingkan partainya saja.melainkan kepentingan nasional,0
2023-05-05T16:06:59Z,Iskandard Kahard,Apapun hasil surveinya. Bagiku dan keluarga tdk akan pernah memilih partai dan capresnya yg ikut andil dalam kegagalan piala dunia U-20.,1
2023-05-05T16:06:49Z,Eksan Difinubun,Omong kosong surveinya,2
2023-05-05T16:06:38Z,Meliana Virginia,GANJAR MAHFUD â¤â¤,2
2023-05-05T18:52:48Z,Bapa Rohim,Siapapun wapresnya <br>Yg penting asli nkri,0
2023-05-05T16:34:53Z,Indro Pramudianto,Semoga wapres nya nanti beliau sangat setuju,0
2023-05-05T16:06:05Z,OGAN official,"YG MENJADI ANEH,,,,,, ANIES SELALU DI BAWAH SURVEYNYA TP MASIH AJA DI RAYU PARTAI2 NYA SUPAYA ANIES GAGAL NYAPRES,,,,,, ANEH,,,,KL ANIES SELALU DI BAWAH BIARKAN DIA NYAPRES TO PASTI KALAH KL SURVEY NYA AJA RENDAH,,,,,,,,,,?????????????????",0
2023-05-05T16:05:37Z,Saodah,merasa lucu kalau memilih ganjar gara2 viral..tapi kalau di tanya apa kesuksesan ganjar yang di raih pada plonga plongoğŸ˜‚ğŸ˜‚ğŸ˜‚<br><br>kuharap indonesia lebih cerdas bukan karena viral..,2
2023-05-05T23:38:17Z,Roni Gunawan,@Saodah plin plan walaupun kenyataannya baikğŸ¤£ tapi kemungkinan besar pak Ganjar jugabyg bakalan jadiğŸ¤£ğŸ¤­âœŒï¸,0
2023-05-05T23:31:08Z,Saodah,@Roni Gunawan yang lain siapa meragukan..???aq mlhn penasaran ramalan gusdur tentang prabowo,0
2023-05-05T16:12:33Z,Roni Gunawan,ğŸ˜…2 periode jadi gubernur sdh cukup modalğŸ˜…ketimbang yg lain masih diragukanğŸ¤£ğŸ¤­,0
2023-05-05T16:04:38Z,Muhamim,Jossss...<br>Pokoke.....p..gp,2
2023-05-05T16:04:25Z,Amel Ayu,Anis makin nyungsep...,0
2023-05-05T16:04:16Z,swarnabhumi,Sudah jelas Johanes Anies Baswedan Capres Zimbabwe. 2024. ğŸ˜†ğŸ˜†ğŸ˜†,0
2023-05-05T16:03:55Z,ar joni,Survey kacang x...,1
2023-05-05T16:03:53Z,Muhamim,Mantulllllll.p..gp...ol,1
2023-05-05T16:03:50Z,Dylan Ismail TV,Survey bohong berbayar,2
2023-05-06T05:56:56Z,backbone,Lembaga survey itu sdh trdaftar resmi di KPU sudah sangat lama dan hasil surveynya gaj jauh berbeda dgn real qount Dari KPU,0
2023-05-05T16:03:27Z,Muhamim,Josssss.pokoke..p<br>.gp,7
2023-05-05T16:03:22Z,ds1110op,"PDIP katanya gak butuh suara umat islam, krn hanya pdip yg punya suara yg bisa nyalonkan capres.... Mending sekalian capres n wapres nya dari PDIP..... Itu baru ksatria... Katanya pdip partai x wong cuiiiliiik, jd pdip bisa . nyalonkan dr kader sendiri",0
2023-05-05T16:03:06Z,Harianto Yan Adri,Ayo satukan barisan semua ttap solid bersama Pk Jokowidodo ğŸ˜˜ğŸ‘GP yess,32
2023-05-06T02:32:59Z,Sabaruddin Kiantar,Prabowo lebih pasti kenegarawannya. Jauh dari isu Radikalisme dan Komunis.,0
2023-05-06T02:32:05Z,Sabaruddin Kiantar,@Boy Andiek betul itu,0
2023-05-06T01:58:19Z,La' Viory,Siappp dukung GP,0
2023-05-06T00:25:40Z,Boy Andiek,"Bersatu Gmn ?<br>Pendukung Jokowi,udah pd sadar Semua ..ğŸ˜€ Gak Mau Di Adu Domba..yg slalu Narasi Kebencian.cebong &amp; Kadrun...biar Hangus di bumi pertiwi ini <br>sebagian pendukung jokowi udah pada lari Ke pak Prabowo Yang Di Untungkan di posisi tengah...",1
2023-05-05T23:49:31Z,Sabaruddin Kiantar,Tunggu putaran kedua. Kami pasti gabung ma kubuh Anies. Sy dulu relawan Jokowi. Skerang Prabowo,1
2023-05-05T16:02:45Z,Andik Kurniawan Santoso,"<a href=""https://www.youtube.com/watch?v=ox1WDX7MHKQ&amp;t=1m14s"">1:14</a> datanya salah 28.9% semua",0
2023-05-05T16:02:12Z,Maubere Lutador,Prabowo presiden presiden 2024,0
2023-05-05T16:02:03Z,Bitter Channel Pratama,"Ganjar rapatkan barisan, pilih sesuai hati kalian, tak.perlu menjelekkan ...",8
2023-05-06T10:38:56Z,Bitter Channel Pratama,"@Ubai Dillah oke , berdemokrasi yg riang ya.. smngt...",0
2023-05-05T19:11:37Z,Ubai Dillah,Insya Allah pendukung pak Anis tdk menjelekan siapapun ok broo,1
2023-05-05T18:49:38Z,Bapa Rohim,OK,1
2023-05-05T16:34:40Z,Ya yuk,@Indro Pramudianto Aamiin ğŸ¤²,1
2023-05-05T16:27:09Z,Indro Pramudianto,Setuju konsen buat cak Ganjar Pranowo gak usah urus capres lain hayo bergandeng tangan dan doa seluruh Indonesia yg dalam maupun yg bekerja diluar negri biar Cak Ganjar jadi RI 1 yg Amanah nanti nya,2
2023-05-05T16:01:55Z,BG. YANN,ğŸ‘ğŸ‘ğŸ‘ğŸ‘ğŸ‘ğŸ‘ğŸ‘ğŸ‘,0
2023-05-05T16:01:38Z,Widodo Wahyunugroho,Kalau rekayasa bisa juga Ganjar no 1 tapi kalau tdk rekayasa urutan ke 3 8% aja janganlah membodohi org sdh tau sering nonton bokep masih juga reking 1 terlalu,2
2023-05-05T16:01:35Z,Taufik aziz Aziz boon,ğŸ˜‚,1
2023-05-05T16:01:32Z,Hadi Noor,"Hari gini msh percaya suvei bayaran? <br>Duit e-ktp yg di buat bayar survei, selebrasi kemenangan palsu ğŸ˜‚ğŸ˜‚ğŸ˜‚",1
2023-05-05T16:01:18Z,Candra Yana,LEMBAGA SURVEI WANI PIRO<br>        &quot; REZIM AKAL2AN &quot;<br>JANGAN MAU DIBODOHIN GEROMBOLAN MAFIA<br><br>( nyesel milih Jokowi )<br>INDONESIA JADI PECAH BERANTAKAN,2
2023-05-05T16:01:04Z,Jago Jalu,Pasti kadrun bilang..ini pesanan...ğŸ˜…ğŸ˜…ğŸ˜…ğŸ˜…,1
2023-05-05T16:00:39Z,Tiwan Karokaro,tidak valit,1
2023-05-05T16:00:34Z,Avika65,"Saingan terberat ganjar bukan anis, tapi prabowo,, jika pilpres 1 putaran ganjar menanh, jika 2 putaran prabowo menang",0
2023-05-05T16:00:28Z,Nur Setiawan,Ganjar Pranowo capres pribumi Indonesia asli ğŸ’¯ tulen sejati menang ğŸ‰ğŸ‰ğŸ‰ğŸ‰,3
2023-05-05T18:40:26Z,Bapa Rohim,Betul asli jawa <br>Kalo anis itu <br>Keturan yaman,0
2023-05-05T16:16:48Z,Petrus Petrus,Betul Ganjar pribumi asli...,1
2023-05-05T15:59:50Z,kalengrombenk chanel,Ini kalo yg survei kadrun..Anis bisa 120 persenğŸ˜œ,3
2023-05-05T15:59:34Z,Hamzah Heru,Ganjar RI 1...â˜ï¸â˜ï¸â˜ï¸,14
2023-05-05T15:58:55Z,ABD Rasyid,Yng surpay dajal sm iblis,0
2023-05-05T15:58:52Z,Kage Dean,Ga sekalian ganjar 150% lol<br><br>Nanti saat kampanye diadu prestasinya aja,3
2023-05-05T16:39:40Z,Rahmat Kartolo,"@Kage Dean baru survey lu udah kejang2. Penyakir iri, dengki emang susah diobati",0
2023-05-05T16:35:17Z,Kage Dean,@Rahmat Kartolo lolâ€¦ ngaku pinter tp dibegoin lembaga surpe bayaran bangga bgt,0
2023-05-05T16:30:10Z,Rahmat Kartolo,"Klo yg survey gerombolanmu itu bisa, anis 750%",0
2023-05-05T15:58:11Z,Badawi Al Khatiri,"Ikuti apa instruksi dari pak jokowi, pak jokowi tidak mau melepaskan negri ini ke Sembarang orang, ikuti komando pak jokowi, apa yg di endorse pak jokowi adalah orang yg mampu meneruskan cita cita pak jokowi, buat para pendukung jokowi Dan rakyat yg puas dgn kinerja jokowi selama ini, ayo kita rapatkan barisan untuk 1 komando bersama pak jokowi, lupakan pildun, saatnya kita bergerak untuk selamatkan negri ini dari kadrun2 yaman.. Takbirrrr....",8
2023-05-05T18:50:48Z,Bapa Rohim,Yg penting nkri tulen,0
2023-05-05T16:14:08Z,Badawi Al Khatiri,@OGAN official jokowi tidak akan meng endorse airlangga. Jokowi hanya meng endorse ganjar sebagai capres dan prabowo sebagai cawapres..,2
2023-05-05T16:10:57Z,OGAN official,"Pak jokowi  endorse ganjar jokowi endorse prabowo,,,, sebentar lagi jokowi endorse airlangga,,,,!!!!! <br>Silahkan bagi bagi aja yg di endorse jokowi,,,,,!!!!!",1
2023-05-05T15:58:00Z,Sidhin Ode,Yg survey kodok sekolam,3
2023-05-05T15:57:54Z,Tiwan Karokaro,kami orag awam. kami gk perduli klo hsil survei itu tdk balik.krna semuanya itu di byr..apa lg klo cuma ptgas partai. waaaadduuuh. prabowo presiden,2
2023-05-05T16:09:36Z,Roni Gunawan,Bilang bgtu karna pilihannya kalahğŸ¤£ğŸ¤­coba klo menang psti diem2 aja senengğŸ¤­,0
2023-05-05T15:57:50Z,j@rmhp,Ganjar yes,3
2023-05-05T15:57:42Z,Mohammad Gustaf,Survei bayaran,2
2023-05-05T15:57:38Z,kus,Wassalam kadruner...kuatkanlah hatimuğŸ˜…,4
2023-05-05T15:57:16Z,sebut_saja daeng,Survey abal abalğŸ˜…,2
2023-05-06T03:11:56Z,Zaky Zaky,â€‹@Rahmat Kartolo nyungsep ke sumur resapan wan abud ğŸ˜‚ğŸ˜…,0
2023-05-05T16:33:01Z,Rahmat Kartolo,"Baru survey aja lu udah kejang2, apalagi nanti klo capres lu nyungsep",0
2023-05-05T15:57:09Z,susilo murti,"Sayapun bisa membuat survey untuk menaikkan atau mendowngrade CAPRES,  misal responden untuk ANIS diambilkan dari NTT atau BALI pasti jeblok, toh pihak lembaga survey gak perlu jelasin respondenya dari mana,  sekarang rakyat percaya POLLING.",1
2023-05-06T12:08:53Z,susilo murti,"@Roni Gunawan monggo kalau anda punya anggapan seperti itu, karena semua orang punya perspektif masing masing, karena saya berdasarkan fakta, contoh POLITIK IDENTITAS klik ARNITA RODELINA TURNIP mahasiswi cerdas yg dihentikan beasiswanya oleh BUPATI  karena .......,  BUPATI adalah jabatan politik ( semua jabatan hasil pilihan rakyat  ).",0
2023-05-06T09:46:49Z,Roni Gunawan,@susilo murti klo nte pencari kebenaran &amp; netral pastinya tau awal mulanyağŸ¤£ğŸ˜…silahkan renungkan .,0
2023-05-06T09:40:17Z,Roni Gunawan,@susilo murti ğŸ¤£berati ada terlalu sepihakğŸ¤£langsg ditelan mentah2 berita &amp; framinganğŸ¤­semua psti ada sebabnya ğŸ¤£,0
2023-05-06T09:19:50Z,susilo murti,"@Roni Gunawan itu kata kata normatif, bagi saya itu tidak cukup,  harus ada keberpihakan dg yg benar dengan ukuran dan standard yg bisa dipertanggungjawabkan misal  ANIS intoleran, tapi gak bisa nunjukin kapan dan dimana aktifitas itu dilakukan, ada yg bilang ada spanduk JANGAN SHOLATI dsb, pertanyaan apa yg buat ANIS ? mari kita merenung tentang SEBAB AKIBAT, seandainya AHOK gak bilang KAMU DIBOHONGI AL MAIDAH pasti gak ada spanduk itu.",0
2023-05-06T08:56:09Z,Roni Gunawan,"@susilo murti ğŸ¤£kn udh dibilang mw dikit ato banyak akan hancur lebur dengan sendirinya,biarkan mereka yg mendapatkan balasannyağŸ¤£",0
2023-05-05T15:56:42Z,B.M.S.channel,aku orang jateng tapi tidak tertarik dengan Gsnjar pranowoğŸ˜‚.,5
2023-05-06T05:43:13Z,backbone,Munafik,0
2023-05-06T00:02:26Z,Mawar Merah,Sak karepmu kang....!!<br>Nanti klo pak GANJAR menang km jgn tinggal di Jawa Tengah malu nt klo ada bantuan km ikut makan....!!<br>â˜ï¸â˜ï¸â˜ï¸ğŸ™ˆğŸ™ˆğŸ™ˆğŸ¤£ğŸ¤£ğŸ¤£,1
2023-05-05T15:56:35Z,suratno 63,hasil survey hoax...lembaga survey yh tdk.bisa dipercaya ..pembohong..,2
2023-05-05T15:56:31Z,Farel Alviano,TUKANG SURVE  DINAMA  SURVENYA DI ATAS LAGIT APA DI KEBON KOSONG,3
2023-05-05T15:56:29Z,ds1110op,"Apa gak ditambah yg disurvey. No. 4 Megawati Sukarno putri, no. 5 , Puan mahari no. 6 Abu janda. No 7.deni siregar no. 8.ade armando. 9.giring ganesha, 10.grace natali, 11. Napi Romi.. Hasil simulasi gimana  ? Orang waras akan milh abu jandan n wapresx giring",2
2023-05-05T15:56:11Z,HOT_Man Jr,Makan tu survey ...realnya nanti pada nga nga,3
2023-05-05T15:56:10Z,M Panjidinihari,Coba bahas hasil folling yg respondennya ratusan ribu..,1
2023-05-05T15:55:41Z,Roby wuarlela,Pak Ganjar...presiden RI....ğŸ‡²ğŸ‡¨ğŸ™,11
2023-05-05T18:44:15Z,Bapa Rohim,Nyata <br>Wong survenya <br>Paling OK,0
2023-05-05T16:03:00Z,Dawin Rotto,Mimpi di siang bolong...,0
2023-05-05T15:55:38Z,Supar Dijana,GANJAR PRAHORO NOL PRESTASI,1
2023-05-05T15:55:25Z,Ma'mun Rizal,Ter atas malu nya .... mak aku aja mas anis,2
2023-05-05T15:54:18Z,ilham gg,yohanes 15% nyolong suara dr kampret ğŸ¤£ğŸ¤£ğŸ¤£,0
2023-05-05T15:54:13Z,D J,gue Ganjar!!,6
2023-05-06T06:02:36Z,D J,@Rafanda 2018 egp,0
2023-05-06T01:05:58Z,Rafanda 2018,aku ora,0
2023-05-05T15:53:26Z,Wajun Sadi Uhang,PRABOWO RI.1 YESS,2
2023-05-05T15:53:16Z,eka STM45,Survei palsu,0
2023-05-05T15:53:06Z,Yem Arsyad,Saya mendukung ganjar tapi saya tdk percaya semua lembaga survei di indonesia ....katanya semua abal abal,0
2023-05-06T05:42:01Z,backbone,"Hidup itu gak boleh dipukul rata bro, krn selain ada yang gak bener pasti ada juga yg bner",0
2023-05-05T15:53:03Z,Blasius Loba Channel,Tetangga sblh psti sakit hati melihat ini.,4
2023-05-05T15:52:56Z,Lianto Lianto,LSI Paling Terpercaya<br><br>   Selain LSI Saya Cuma Tersenyum Alias ???,0
2023-05-05T15:53:53Z,Badawi Al Khatiri,"Nanti kalau ganjar menang dan pdip hatrick lagi, dituduh curang lagi, fitnah dan hoax lagi, berkata dan berdoa buruk lagi, nyalahin Tuhan lagi, gak percaya takdir Allah SWT lagi, sampe kiamat gitu aja terus kadrun yaman kelakuannya gak tobat2.. Wkwkwkwk... Cuakkss",0
2023-05-05T15:52:52Z,Terang dunia,Om ganjar.. NTT SIAP DUKUNG,11
2023-05-05T15:52:47Z,Heri Doank,TAPI BOONG,0
2023-05-05T15:54:21Z,Badawi Al Khatiri,"Nanti kalau ganjar menang dan pdip hatrick lagi, dituduh curang lagi, fitnah dan hoax lagi, berkata dan berdoa buruk lagi, nyalahin Tuhan lagi, gak percaya takdir Allah SWT lagi, sampe kiamat gitu aja terus kadrun yaman kelakuannya gak tobat2.. Wkwkwkwk... Cuakkss",0
2023-05-05T15:52:23Z,Rizardi Karnas,survei abal abal,3
2023-05-05T16:04:47Z,Rizardi Karnas,@Badawi Al Khatiri nanti K A L A U.....Menang.......= P A S T I ....Kalah.,0
2023-05-05T15:54:35Z,Badawi Al Khatiri,"Nanti kalau ganjar menang dan pdip hatrick lagi, dituduh curang lagi, fitnah dan hoax lagi, berkata dan berdoa buruk lagi, nyalahin Tuhan lagi, gak percaya takdir Allah SWT lagi, sampe kiamat gitu aja terus kadrun yaman kelakuannya gak tobat2.. Wkwkwkwk... Cuakkss",0
2023-05-05T15:51:50Z,Ree Curties,<b>BISMILLAH GANJAR 2024 !!!</b><br><br><b>YANG SATUNYA POLITIK IDENTITAS</b><br><br><b>YANG SATUNYA LAGI UDAH KETUAAN MASUK USIA 73 TAHUN DI 2024</b>,1
2023-05-05T15:57:01Z,Hadi Noor,"Jgn pakai kata basmalah klo nonton bokep, bs dobel dosanya ğŸ˜…ğŸ˜…ğŸ˜…",1
2023-05-05T15:56:09Z,Wajun Sadi Uhang,<b>Prabowo RI.1</b> â¤,1
2023-05-05T15:51:37Z,ANDREAS NOSTAL KRISTIAN HALAWA,"yang dukung pak jokowi, tolong satukan hati dukung ganjar dong",13
2023-05-05T18:37:54Z,Bapa Rohim,Gak apa &quot; <br>Silahkan pilih yg disuka <br>Tapi jgn Main hoax,1
2023-05-05T16:20:46Z,Rohima Tina,"Dulu pilih Jokowi,skrg saya sekeluarga pilih Anies",2
2023-05-05T15:51:37Z,Korib Krui,"Tetap Anis,lembaga survey cuma Utak Atik angka,tergatung yang bayar yang dimenangkan.",7
2023-05-06T11:41:21Z,mamanyatyan Busry,Yg sabar yaaaa,0
2023-05-06T07:14:34Z,Suradi Suradi,Betuuul,0
2023-05-05T15:51:24Z,Jarmad Cilok,â¤â¤â¤â¤â¤ Ganjar Pranowo ğŸ‘ğŸ¤Ÿ,42
2023-05-05T15:51:22Z,JAYA SATRIA,Pak Ganjar keok,3
2023-05-05T15:59:18Z,Badawi Al Khatiri,"Nanti kalau ganjar menang dan pdip hatrick lagi, dituduh curang lagi, fitnah dan hoax lagi, berkata dan berdoa buruk lagi, nyalahin Tuhan lagi, gak percaya takdir Allah SWT lagi, sampe kiamat gitu aja terus kadrun yaman kelakuannya gak tobat2.. Wkwkwkwk... Cuakkss",0
2023-05-05T15:50:34Z,Android Android,mantap  pak ganjar,7
2023-05-05T15:50:22Z,Saas Juju,Yok bisa yok Ganjar Pranowo penerus legesi Pakde Jokowi.,45
2023-05-07T14:59:30Z,Karmidi Corp,"nambah hutang, dan kejebak hutang CHINA lagi dong",0
2023-05-07T12:33:36Z,Rdn Nids,@Olun Setrum <br>Petugas partai selalu terbukti MENANG ğŸ˜‚,0
2023-05-07T12:15:37Z,Solder Bengkong,Ntar kita disuruh bermusuhan dgn israel.. Kita damai tenang jadi gk tenang dan damai,0
2023-05-06T12:08:18Z,Olun Setrum,Petugas partai jd boneka,0
2023-05-06T09:21:06Z,ğ˜¼ğ™¨ğ™¡ğ™ ğ™£ğ™™ğ™šğ™¨ğ™¤,ğ˜ˆğ˜ºğ˜°ğ˜¬ ğ˜¨ğ˜¢ğ˜´ğ˜´ ğ˜±ğ˜°ğ˜­ğ˜­ ğ˜ğ˜¢ğ˜¯ğ˜«ğ˜¢ğ˜³ ğ˜«ğ˜¢ğ˜¥ğ˜ª ğ˜™ğ˜ 1,0
2023-05-05T15:50:01Z,Lianto Lianto,Yg Bener Cuma Survai LSI,0
2023-05-05T15:59:28Z,Badawi Al Khatiri,"Nanti kalau ganjar menang dan pdip hatrick lagi, dituduh curang lagi, fitnah dan hoax lagi, berkata dan berdoa buruk lagi, nyalahin Tuhan lagi, gak percaya takdir Allah SWT lagi, sampe kiamat gitu aja terus kadrun yaman kelakuannya gak tobat2.. Wkwkwkwk... Cuakkss",0
2023-05-05T15:49:01Z,Juna Edi,Beda beda hasil survei jd tidak bisa di percaya,3
2023-05-05T16:11:07Z,Roni Gunawan,Dari dulu pak Ganjar slalu teratasğŸ˜…sempet merosot karna blunder pildunğŸ¤£kalo ngaku2 survey tertinggi sudah psti dihujatğŸ¤­,1
2023-05-05T15:48:58Z,Muhdi Arto,Bravo P G,2
2023-05-05T15:48:58Z,AL-FATICH CHANNEL,Saya Bukan Orang Partai dan Bukan Politikus dan juga tidak punya harapan apapun dari Capres. Tapi aku lebih Memilih Pak Anies Rasyid Baswedan. Sebagai PRESIDEN 2024 . Sebab Aku ingat Kata2 Mak Banteng . Partainya tidak butuh Suara Dari Umat islam.,3
2023-05-05T15:59:43Z,Badawi Al Khatiri,"Nanti kalau ganjar menang dan pdip hatrick lagi, dituduh curang lagi, fitnah dan hoax lagi, berkata dan berdoa buruk lagi, nyalahin Tuhan lagi, gak percaya takdir Allah SWT lagi, sampe kiamat gitu aja terus kadrun yaman kelakuannya gak tobat2.. Wkwkwkwk... Cuakkss",0
2023-05-05T15:48:42Z,ABU   JADUL,LO  SURPEINYA  KEBANYAKAN  MENELAN  UANG  HARAM    IBLIS  LAKNATULLOH      SEGERA  DI   TELAN  AJAB   YANG MAHA DAHSYAT  AAMIIN,0
2023-05-05T15:59:55Z,Badawi Al Khatiri,"Nanti kalau ganjar menang dan pdip hatrick lagi, dituduh curang lagi, fitnah dan hoax lagi, berkata dan berdoa buruk lagi, nyalahin Tuhan lagi, gak percaya takdir Allah SWT lagi, sampe kiamat gitu aja terus kadrun yaman kelakuannya gak tobat2.. Wkwkwkwk... Cuakkss",0
2023-05-05T15:48:29Z,Muhana 2002,"Survey abal abal, bayaran",3
2023-05-05T16:00:05Z,Badawi Al Khatiri,"Nanti kalau ganjar menang dan pdip hatrick lagi, dituduh curang lagi, fitnah dan hoax lagi, berkata dan berdoa buruk lagi, nyalahin Tuhan lagi, gak percaya takdir Allah SWT lagi, sampe kiamat gitu aja terus kadrun yaman kelakuannya gak tobat2.. Wkwkwkwk... Cuakkss",0
2023-05-05T15:47:14Z,Imam Khudori,"Surpai bayaran,",3
2023-05-05T15:46:50Z,ABU   JADUL,KECURANGAN   YANG  SUPREI  INI  SEGERA  DITELAN  AJAB  BENCANA  YANG  MAHA  DAHSYAT,5
2023-05-06T07:07:24Z,ABU   JADUL,@æˆ´å°å§ <br>INI  MUBAHALAH  SELURUH  RAKYAT  INDONESIA   UNTUK  SEMUA  KOMPLOTAN   REZIM  JOKOWI  LUHUT  AHOK  PN  JAKPUS  KPU  BAWASLOU  DPR  MPR  SRIMULYANI  DENI SIREGAR  ADE ARMANDO ABU JANDA  NGABALIN   YOQUT  MAHFUD MD  HAKIM  JAKSA  JUGA YANG TERLIBAT KM 50 .  KALIAN  SEMUA PEJABAT2 CEBONG  RONGSOKAN  SEMOGA SEGERA DI TELAN AJAB  DI LAKNAT ALLOH SWT  DI HANCURKAN  SEHANCUR  HANCURNYA    DITELAN AJAB DUNIA AKHIRAT  KUN FAYAKUUN  AAMIIN,0
2023-05-05T16:04:52Z,ABU   JADUL,@æˆ´å°å§ <br>SEMOGA  SEMUA CEBONG DAN  KOMPLOTAN NYA  YANG  SELALU  MENELAN  UANG HARAM  BAYARAN  SOGOKAN  HASIL  GARONG RAJA  HUTANG   SEGERA  DIHANCURKAN  ALLOH SWT  DISERANG  PENYAKIT ANEH  7  PETURUNAN NYA  DI MUSNAHKAN  ALLOH SWT  SEHANCUR  HANCURNYA  AAMIIN,0
2023-05-05T16:00:19Z,Badawi Al Khatiri,"Nanti kalau ganjar menang dan pdip hatrick lagi, dituduh curang lagi, fitnah dan hoax lagi, berkata dan berdoa buruk lagi, nyalahin Tuhan lagi, gak percaya takdir Allah SWT lagi, sampe kiamat gitu aja terus kadrun yaman kelakuannya gak tobat2.. Wkwkwkwk... Cuakkss",1
2023-05-05T15:59:38Z,æˆ´å°å§,ğŸ˜‚ğŸ˜‚ğŸ˜‚ğŸ˜‚ati ati kl bencana itu yg akan menelan mu dunnn.,0
2023-05-05T15:59:36Z,Cahyo Cahyo,Kadrun kepanasan  si anis nyungsep,0
2023-05-05T15:46:34Z,Imam Al gazali,Mantap GANJAR,6
2023-05-05T15:46:22Z,Thomas Jefferson Tarigan,Kok surveinya tiap hari beda2..  hebat ya kakek Sugiono..,6
2023-05-06T12:45:47Z,Heri Alfaridzi,Bohong terus,0
2023-05-06T02:19:02Z,Yuliana 15,â€‹@Ubai Dillah jongosnya Anies Yaman ini menangis drun Kadrun ğŸ˜…ğŸ˜…,0
2023-05-05T22:09:55Z,Sawo Matang,â€‹@Ubai DillahğŸ˜‚ğŸ˜‚ğŸ˜‚ğŸ˜‚ğŸ˜‚ bener bro aku pun katawa... tapi kenapa ya klu Anis wan abut kadal gurun tidak kuat mesan ya.knp ya ada apa dgn kelebihan byar....,1
2023-05-05T19:00:31Z,Ubai Dillah,Survainya tergantung yg bayar dan pesanan ğŸ˜¢,2
2023-05-05T18:36:14Z,Bapa Rohim,Yg survenya yg konsisten <br>Capres dr yaman <br>Konsisten gak naik &quot;,2
2023-05-05T15:45:51Z,Imam Al gazali,MANTAP,3
2023-05-05T15:45:11Z,Dawin Rotto,"Di survei ganjar selalu tinggi, tp klo blusukan ganjar dicuekin warga",7
2023-05-06T03:51:35Z,Dawin Rotto,@Zaky Zaky modal cengar cengir pencitraan kiri kanan mau jadi presiden...ya ampun mimpi di siang bolong,0
2023-05-06T03:50:01Z,Dawin Rotto,@Zaky Zaky itu fakta...,0
2023-05-06T03:09:15Z,Zaky Zaky,"â€‹â€‹@Dawin Rotto Iri bilang drunn modal ngibul ingin jdi presiden,ya ampunğŸ¥µğŸ¥µ",1
2023-05-05T23:53:19Z,Mawar Merah,Yg dicuwekin ke Pasar kemarin bukannya ANUS....?? â˜ï¸â˜ï¸ğŸ™ˆğŸ™ˆ<br>Malah jangkrik2 yg menyabut....!!<br>â˜ï¸â˜ï¸â˜ï¸ğŸ¤£ğŸ¤£ğŸ¤£,1
2023-05-05T16:20:11Z,Luna Queen,Wkekwkek.....jadi ingat pas wan abud bin sumur resapan dtang k surabaya...sok sokan berjalan d gang...ehhh...warga pda gk gubris ğŸ¤£ğŸ¤£ğŸ¤£,3
2023-05-05T15:45:04Z,DREAM Football,Suvei taek,0
2023-05-05T16:00:56Z,Badawi Al Khatiri,"Nanti kalau ganjar menang dan pdip hatrick lagi, dituduh curang lagi, fitnah dan hoax lagi, berkata dan berdoa buruk lagi, nyalahin Tuhan lagi, gak percaya takdir Allah SWT lagi, sampe kiamat gitu aja terus kadrun yaman kelakuannya gak tobat2.. Wkwkwkwk... Cuakkss",0
2023-05-05T15:44:50Z,Bapak Exel,Aminn ganjarku 2024 presidenku,0
2023-05-05T15:44:45Z,Aries Tampubolon,Ganjar akan kalah jika pak Jokowi masih bermain abuÂ²...,1
2023-05-05T16:01:07Z,Badawi Al Khatiri,"Nanti kalau ganjar menang dan pdip hatrick lagi, dituduh curang lagi, fitnah dan hoax lagi, berkata dan berdoa buruk lagi, nyalahin Tuhan lagi, gak percaya takdir Allah SWT lagi, sampe kiamat gitu aja terus kadrun yaman kelakuannya gak tobat2.. Wkwkwkwk... Cuakkss",1
2023-05-05T15:44:07Z,Arya Bima,Di kampung ku gak ada calon kepala desa cocok buat yg  nmr 3...,3
2023-05-05T15:43:59Z,Rangga Gupita,Sudahlah. Rakyat sdh paham apa di balik survey ini,3
2023-05-05T16:01:17Z,Badawi Al Khatiri,"Nanti kalau ganjar menang dan pdip hatrick lagi, dituduh curang lagi, fitnah dan hoax lagi, berkata dan berdoa buruk lagi, nyalahin Tuhan lagi, gak percaya takdir Allah SWT lagi, sampe kiamat gitu aja terus kadrun yaman kelakuannya gak tobat2.. Wkwkwkwk... Cuakkss",0
2023-05-05T15:57:37Z,Mahmad Mahmad,Survey kgak bener niee,0
2023-05-05T15:43:58Z,ornkqytlfdx,Ow charta politica yg dulu di survey pilgub dki jkt selalu mengunggulkan ahok.. dan anies selalu di posisi ketiga.. ternyata duaarr survey nya salah totalğŸ˜‚ğŸ˜‚,4
2023-05-05T16:19:29Z,Roni Gunawan,@ornkqytlfdx itu jawaban buat andağŸ¤£ğŸ¤­mw digembok mw diiketğŸ˜…tapi menang 2x kn?ğŸ¤£ğŸ¤£ğŸ¤£ğŸ¤­,0
2023-05-05T16:04:41Z,ornkqytlfdx,@Badawi Al Khatiri yg penting menang tanpa kardus digembok.. ğŸ¤£ğŸ¤£ğŸ¤¦ğŸ¤¦,0
2023-05-05T16:04:25Z,ornkqytlfdx,@Roni Gunawan tapi menang kan??,0
2023-05-05T16:04:11Z,ornkqytlfdx,@Duta Satu yg penting menang.. daripada kemenangan dari kardus digembok??ğŸ¤£ğŸ¤£,0
2023-05-05T16:01:38Z,Badawi Al Khatiri,"Nanti kalau ganjar menang dan pdip hatrick lagi, dituduh curang lagi, fitnah dan hoax lagi, berkata dan berdoa buruk lagi, nyalahin Tuhan lagi, gak percaya takdir Allah SWT lagi, sampe kiamat gitu aja terus kadrun yaman kelakuannya gak tobat2.. Wkwkwkwk... Cuakkss",0
2023-05-05T15:43:51Z,Fauzan Ramon,"Wong jateng sdri ganjar kalah,surve slalu di atas Aneh ,,  apalagi jatim,jabar justru saya prediksi Anis menang     surve opo ae iku ,,,!!",4
2023-05-05T16:05:27Z,Uswatun Khasanah,Ngertimu opo to dul dul... madang sik ben waras...ğŸ˜ƒ,0
2023-05-05T16:01:50Z,Badawi Al Khatiri,"Nanti kalau ganjar menang dan pdip hatrick lagi, dituduh curang lagi, fitnah dan hoax lagi, berkata dan berdoa buruk lagi, nyalahin Tuhan lagi, gak percaya takdir Allah SWT lagi, sampe kiamat gitu aja terus kadrun yaman kelakuannya gak tobat2.. Wkwkwkwk... Cuakkss",1
2023-05-05T15:43:28Z,Ikbal maulidin Ikbal,Lah waktu di SCTV menayangkan hasil survei Prabowo paling Kokok kenapa sekarang jadi kebalik yağŸ˜‚,2
2023-05-06T07:30:56Z,Roni Gunawan,@Ikbal maulidin Ikbal kadrunğŸ¤£,0
2023-05-06T05:56:43Z,Ikbal maulidin Ikbal,@Roni Gunawan bibit kadrun mulai munculğŸ¤£,0
2023-05-06T05:53:06Z,backbone,Itu khan survey gak lama setelah ganjar diekspos menolak pildun u20 namun setelah ganjar mengklarifikasi dan sudah dicalonkan jd presiden dr pdi perjuangan maka awal bulan ini adalah itu hasilnya yg disurvey,0
2023-05-06T03:04:46Z,Roni Gunawan,@Ikbal maulidin Ikbal ğŸ¤£ğŸ¤£ya jelas kalahğŸ¤­ tapi lawan pak Jokowi ga pernah menangğŸ¤£ğŸ¤­tau kan arah dukungan para pendukung pak Jokowi kmnğŸ˜…ğŸ¤­,0
2023-05-06T01:46:39Z,Ikbal maulidin Ikbal,@Roni Gunawan head to head ganjar tetap kalah karena pak Prabowo jauh berpengalaman di bidang politik,0
2023-05-05T15:43:28Z,Cah Ijen,GANJAR Insya Allah ditakdirkan jd presiden 2024.,24
2023-05-06T04:37:32Z,Surya Taufik,@Tomy sampah NKRI. Bukannya grombolan koruptor buzerp pengadu domba.,0
2023-05-06T04:27:29Z,Tomy,@Surya Taufik bukan hanya benci<br>Sampah NKRI wajib untuk di perangi<br>Sekali lagi WAJIB,0
2023-05-06T01:23:50Z,Surya Taufik,@Tomy hanya org kuffur yg benci Fron persatuan islam,0
2023-05-05T23:31:55Z,Mawar Merah,Pak GANJAR tetap capres terbaik....ğŸ‘ğŸ‘Pilihan RAKYAT Indonesia yg CERDAS.....!!<br>Insya ALLAH menang &amp; diridhoi ALLAH.<br>AMIN....ğŸ¤²ğŸ¤²,2
2023-05-05T22:12:44Z,Sawo Matang,â€‹@Surya Taufiksyukurlah grombolanmu hancur 2x...,0
2023-05-05T15:43:13Z,Irfan Pratama,"Ganjar,,josss",7
2023-05-05T15:43:07Z,Surya Taufik,Abal abal,3
2023-05-05T15:42:49Z,Umar Oyoot,Tetep Prabowo,3
2023-05-05T15:42:05Z,Eki Wahyudi,Pak Anies Is the best,13
2023-05-05T15:41:39Z,Syafaruddin Rasyid,"saya tetap pilih Ganjar P,yg sempurna dari calon2 yg lain",14
2023-05-06T01:59:38Z,La' Viory,Ga mau yg lain tetap bpk Ganjar Pranowo,0
2023-05-06T01:02:28Z,Rafanda 2018,ora milih,0
2023-05-05T23:29:29Z,Mawar Merah,Pak GANJAR tetap Capres terbaik....ğŸ‘ğŸ‘<br>Pilihan RAKYAT Indonesia yg cerdas....<br>AMIN....ğŸ¤²ğŸ¤²,1
2023-05-05T18:58:34Z,Ubai Dillah,Sempurna dari segi apa tuh ganjar<br>Kikikik yg lebih layak jd presiden 2024 pak Anis baswedan Aamiin,3
2023-05-05T15:40:30Z,Heppy. Santosa,"Ayo kita dukung ganjar broo,dan semoga prabowo  jadi  wakilnya  ganjar mas brooo.",2
2023-05-05T23:45:19Z,Mawar Merah,Prabowo itu gengsi jadi wakilnya pak GANJAR....!! â˜ï¸â˜ï¸<br>Smg nt dpt wakil yg  lain yg bisa mendongkrak suara lagi smp 51 % lebih buat pak GANJAR spy 1x putaran PEMILU cpt slesai....<br>AMIN....ğŸ¤²ğŸ¤²,1
2023-05-05T15:40:08Z,Dharma Hasibuanb,makin kaya..juragan survei<br>ğŸ˜‚ğŸ˜‚ğŸ˜‚ğŸ˜‚ğŸ˜‚ğŸ˜‚ğŸ˜‚ğŸ˜‚ğŸ˜‚ğŸ˜‚,3
2023-05-05T16:14:53Z,Roni Gunawan,ğŸ˜…terima kenyataan walpn pahitğŸ¤£ğŸ¤­,1
2023-05-05T15:39:28Z,Sutarjo Geneng,"Alhamdulillah, mantap. Sikap istiqomah dan tidak tergoyahkan, tetap memilih Anies Baswedan. Karena, rakyat ingin kemajuan, rakyat ingin perubahan, perubahan yang lebih baik. Dan Insya Alloh.... yang memilih Anies adalah orang orang pandai, cerdas dan berhati mulia. Salam, akal sehat........ dan perubahan. Semoga, perubahan membawa barokah, untuk kita semua. Aamiin. Terima kasih.",16
2023-05-06T06:39:58Z,Pak Warjo,Anis itu ibarat merantau jadi merasa enak jadi ketagihan,0
2023-05-06T06:23:14Z,Karsiono 005,"Sengdirubah nama jalan rumah dakit penggusuran  halte  dll nya janji manis ternya tidak sesuwai  yang diharapkan  warga DKI. buat kecewa aja ,ğŸ˜‚ğŸ˜‚ğŸ˜‚ğŸ˜‚ğŸ˜‚ğŸ˜‚ğŸ˜‚",1
2023-05-06T03:24:49Z,La' Viory,@Pangat Bador sama,1
2023-05-06T02:44:31Z,Pak Warjo,Ini hajat bangsa Indonesia yg merasa keturunan Yaman minggir dulu ya,0
2023-05-06T02:39:10Z,Pak Warjo,Entar klw kalah bilang dicurangi mending dari awal persiapkan diri untuk kalah biar nggak kaget,0
2023-05-05T15:39:13Z,agus sumarsono,Semoga pak ganjar semakin melesat. Aamiin,14
2023-05-07T22:30:24Z,N Meci,Jadi ingat pilgub dki. Hasil survey anies ditempatkan di urutan buncit tapi akhirnya jadi pemenangğŸ˜‚ğŸ˜‚,0
2023-05-06T01:04:07Z,Rafanda 2018,melesat kemana tuh,0
2023-05-05T23:37:06Z,Mawar Merah,Pak sll dihati &amp; sll dinanti di 2024 RAKYAT INDONESIA....smg sukses menuju RI.1....ğŸ‡®ğŸ‡©ğŸ‡®ğŸ‡©ğŸ‘ğŸ‘<br>AMIN....ğŸ¤²ğŸ¤²,1
2023-05-05T18:46:46Z,Bapa Rohim,Betul para para pengasong khilafah negara ini spy hamcur,0
2023-05-05T16:18:53Z,mama,Grombolan sakit hati ambisinya tk prnh kecapaian &#39;  kalau bikin fitnah karya2 kebohongan plg jago trutama mgedit foto presiden pejabat itu semua diproduksi dr kadrunğŸ˜„ğŸ˜›ğŸ˜€ğŸ˜ğŸ˜ŠğŸ˜ğŸ˜œğŸ˜†ğŸ˜‹,1
2023-05-05T15:39:02Z,hadi suwarno,Hadir aku orang solo dukung pak prabowo jadi presiden RI,3
2023-05-06T05:42:55Z,backbone,Lahh basis.pdip koq bukan pilih ganjar?,0
2023-05-05T15:38:05Z,"Rini Hermawati,SH","Terserah mau nampilin dan bilang apalah, sing penting 2024 Presiden nya Prabowo...Merdekaaa",0
2023-05-06T05:59:51Z,backbone,Karakter prabowo keliatan emosional sehingga klo sdh jd pemimpim akan.mnjdi pemimpin yang otoriter,0
2023-05-05T15:35:18Z,Herman Sasak,"Ganjar no, anis no",1
2023-05-05T15:34:44Z,Vhiki Dismas,Mantap pak ganjar.,19
2023-05-05T15:34:15Z,Sulistyo Ridho,Ganjar 2024,16
2023-05-05T15:34:08Z,Ahmad Hazairin,Mark up  !,1
2023-05-05T15:29:35Z,Yeti Lusiana,"Gamjar Yes. Prabowo no, Anis buang kelaut",5
2023-05-06T12:01:59Z,Roni Gunawan,@Rizardi Karnas ğŸ¤£FPI PKI HTI ormas bajing*n terlarangğŸ¤£arogan perbudakanğŸ¤£,0
2023-05-06T10:42:28Z,Rizardi Karnas,@Roni Gunawan nte masih penasaran di mana PKI....?....lu kan pegonggong PKI pasti tau dong.....,0
2023-05-06T09:12:47Z,Rizardi Karnas,@Roni Gunawan PKI,0
2023-05-06T08:52:26Z,Roni Gunawan,@Rizardi Karnas nte masih penasaran ya walpn sering kalahğŸ¤£pilihan nte jg bakalan kalah lg sepertinyağŸ¤­,0
2023-05-06T08:35:57Z,Rizardi Karnas,@Roni Gunawan PKI,0
2023-05-05T15:27:40Z,Agus Wahyudi,Jaman gini kok masih percaya survey..<br>Klo benar kenapa kualisi besar takut sama anis..,7
2023-05-05T16:04:35Z,Badawi Al Khatiri,"Bukan takut, tapi lagi bikin skenario agar ganjar dan prabowo lawan kotak kosong,alias bakal auto menang mutlak gada lawan nya.siap2 aja lu kadrun yaman bakal dapat kejutan dari nasdem di akhir iniury time nanti... Wkwkwkwk",1
2023-05-05T15:46:04Z,Tutty Fruity,Anis bs appah selain menata katağŸ¤”,0
2023-05-05T15:44:44Z,Cah Ijen,Kalo Anis menang survey baru percaya ğŸ˜›ğŸ˜›,0
2023-05-05T15:41:08Z,agus sumarsono,Kampungan sekali jaman modern gini,0
2023-05-05T15:27:32Z,Yosida Ktalo3,Bergabung bersama pemimpin bangsa yang visioner dan berkarakter. Pemimpin yang bisa mencerdaskan kehidupan bangsa dan ikut melaksanakan ketertiban dunia. Mampu dan sudah teruji. Salam Indonesia Raya bermartabat dan mampu berkarya sesuai dengan karakter bangsa menuju Indonesia Emas 2045. Selamat beraktivitas pak Menhan,3
2023-05-05T15:26:04Z,BENY BARBAY.,gaspol pk ganjar..salam ğŸ¤Ÿ,20
2023-05-06T03:05:44Z,Zaky Zaky,â€‹@Umar Oyoot wan abud nangisssssss ğŸ˜‚ğŸ˜‚ğŸ˜‚ğŸ˜‚ğŸ˜‚,1
2023-05-05T18:49:01Z,Bapa Rohim,Ya jgn berkecil hati <br>Walau survemya konsisten <br>Gak naik&quot;<br>Diururutam paling bwh <br>Ttp semangat,1
2023-05-05T16:13:30Z,Luna Queen,@Umar Oyoot yg sabar ya bosss...meski wan abud bin sumur resapan selalu terbawah...sya harap tetap semangat....jangan menyerah...siapa tahu kedepannya suaranya makin NYUNGSEP ğŸ‘ğŸ‘ğŸ‘,1
2023-05-05T16:06:21Z,fab Bin,@Umar Oyoot 2 periode PDIP menang bersama Jokowi nih bosğŸ¤­ selanjutnya diteruskan Pak GanjarğŸ”¥ barisan sakit hati iri dan nyinyir selaluğŸ¤­,2
2023-05-05T16:05:44Z,Roni Gunawan,â€‹@Umar Oyoot hampir semua partai ada koruptornyağŸ˜…ğŸ¤­,2
